COMID,EVENTDATE,REACHCODE,REACHSMDAT,REACHRESOL,FEATURECOM,FEATURECLA,SOURCE_ORI,SOURCE_DAT,SOURCE_FEA,FEATUREDET,Measure,Offset,EventType,FLComID
"0",2014-12-04,"02070010000255",,Medium,"0","0","USGS, Water Resources Division",,"01656120",http://waterdata.usgs.gov/nwis/nwisman/?site_no=01656120,91.45384,0.00000000000,StreamGage,"22340505"
"0",2014-12-04,"02070010000124",,Medium,"0","0","USGS, Water Resources Division",,"01654000",http://waterdata.usgs.gov/nwis/nwisman/?site_no=01654000,60.67585,0.00000000000,StreamGage,"22340331"
"0",2014-12-04,"02080204000120",,Medium,"0","0","USGS, Water Resources Division",,"02032000",http://waterdata.usgs.gov/nwis/nwisman/?site_no=02032000,95.97652,0.00000000000,StreamGage,"8566687"
"0",2014-12-04,"02080104000274",,Medium,"0","0","USGS, Water Resources Division",,"01669000",http://waterdata.usgs.gov/nwis/nwisman/?site_no=01669000,79.35155,0.00000000000,StreamGage,"8479268"
"0",2014-12-04,"02080207000570",,Medium,"0","0","USGS, Water Resources Division",,"02041870",http://waterdata.usgs.gov/nwis/nwisman/?site_no=02041870,31.76757,0.00000000000,StreamGage,"8607071"
"0",2014-12-04,"02080207000191",,Medium,"0","0","USGS, Water Resources Division",,"02039500",http://waterdata.usgs.gov/nwis/nwisman/?site_no=02039500,63.33375,0.00000000000,StreamGage,"8611887"
"0",2014-12-04,"02080203000038",,Medium,"0","0","USGS, Water Resources Division",,"02029500",http://waterdata.usgs.gov/nwis/nwisman/?site_no=02029500,14.15161,0.00000000000,StreamGage,"8545007"
"0",2014-12-04,"02080206000029",,Medium,"0","0","USGS, Water Resources Division",,"0204278995",http://waterdata.usgs.gov/nwis/nwisman/?site_no=0204278995,21.33302,0.00000000000,StreamGage,"10063821"
"0",2014-12-04,"02080201000108",,Medium,"0","0","USGS, Water Resources Division",,"02015700",http://waterdata.usgs.gov/nwis/nwisman/?site_no=02015700,35.35978,0.00000000000,StreamGage,"8520749"
"0",2014-12-04,"02080203000453",,Medium,"0","0","USGS, Water Resources Division",,"02024915",http://waterdata.usgs.gov/nwis/nwisman/?site_no=02024915,14.92740,0.00000000000,StreamGage,"8548847"
"0",2014-12-04,"02080202000138",,Medium,"0","0","USGS, Water Resources Division",,"02021500",http://waterdata.usgs.gov/nwis/nwisman/?site_no=02021500,92.20540,0.00000000000,StreamGage,"8540027"
"0",2014-12-04,"02080201000795",,Medium,"0","0","USGS, Water Resources Division",,"02014500",http://waterdata.usgs.gov/nwis/nwisman/?site_no=02014500,14.74009,0.00000000000,StreamGage,"8521879"
"0",2014-12-04,"02080204000084",,Medium,"0","0","USGS, Water Resources Division",,"02032640",http://waterdata.usgs.gov/nwis/nwisman/?site_no=02032640,15.87858,0.00000000000,StreamGage,"8566583"
"0",2014-12-04,"02070008000291",,Medium,"0","0","USGS, Water Resources Division",,"01645704",http://waterdata.usgs.gov/nwis/nwisman/?site_no=01645704,87.53994,0.00000000000,StreamGage,"4509120"
"0",2014-12-04,"02070005000212",,Medium,"0","0","USGS, Water Resources Division",,"01636210",http://waterdata.usgs.gov/nwis/nwisman/?site_no=01636210,65.79367,0.00000000000,StreamGage,"5907047"
"0",2014-12-04,"02080106001041",,Medium,"0","0","USGS, Water Resources Division",,"01670300",http://waterdata.usgs.gov/nwis/nwisman/?site_no=01670300,24.21977,0.00000000000,StreamGage,"8501698"
"0",2014-12-04,"02080205000007",,Medium,"0","0","USGS, Water Resources Division",,"02037500",http://waterdata.usgs.gov/nwis/nwisman/?site_no=02037500,66.51325,0.00000000000,StreamGage,"8574021"
"0",2014-12-04,"02080207002036",,Medium,"0","0","USGS, Water Resources Division",,"02041860",http://waterdata.usgs.gov/nwis/nwisman/?site_no=02041860,21.95801,0.00000000000,StreamGage,"8606763"
"0",2014-12-04,"02080104000109",,Medium,"0","0","USGS, Water Resources Division",,"01668500",http://waterdata.usgs.gov/nwis/nwisman/?site_no=01668500,98.62556,0.00000000000,StreamGage,"8475208"
"0",2014-12-04,"02070010000263",,Medium,"0","0","USGS, Water Resources Division",,"01656100",http://waterdata.usgs.gov/nwis/nwisman/?site_no=01656100,74.26875,0.00000000000,StreamGage,"22340095"
"0",2014-12-04,"02070005000236",,Medium,"0","0","USGS, Water Resources Division",,"01621050",http://waterdata.usgs.gov/nwis/nwisman/?site_no=01621050,28.40254,0.00000000000,StreamGage,"5908085"
"0",2014-12-04,"02080102000696",,Medium,"0","0","USGS, Water Resources Division",,"01669500",http://waterdata.usgs.gov/nwis/nwisman/?site_no=01669500,39.24958,0.00000000000,StreamGage,"8457316"
"0",2014-12-04,"02080201000670",,Medium,"0","0","USGS, Water Resources Division",,"02012000",http://waterdata.usgs.gov/nwis/nwisman/?site_no=02012000,18.66190,0.00000000000,StreamGage,"8521779"
"0",2014-12-04,"02070010007897",,Medium,"0","0","USGS, Water Resources Division",,"01657500",http://waterdata.usgs.gov/nwis/nwisman/?site_no=01657500,6.48631,0.00000000000,StreamGage,"22340769"
"0",2014-12-04,"02070005000033",,Medium,"0","0","USGS, Water Resources Division",,"01622000",http://waterdata.usgs.gov/nwis/nwisman/?site_no=01622000,83.32881,0.00000000000,StreamGage,"5908733"
"0",2014-12-04,"02070010000153",,Medium,"0","0","USGS, Water Resources Division",,"01657020",http://waterdata.usgs.gov/nwis/nwisman/?site_no=01657020,56.59979,0.00000000000,StreamGage,"22339083"
"0",2014-12-04,"02070005000076",,Medium,"0","0","USGS, Water Resources Division",,"01624300",http://waterdata.usgs.gov/nwis/nwisman/?site_no=01624300,48.22892,0.00000000000,StreamGage,"5909161"
"0",2014-12-04,"02070011000919",,Medium,"0","0","USGS, Water Resources Division",,"01658550",http://waterdata.usgs.gov/nwis/nwisman/?site_no=01658550,48.21525,0.00000000000,StreamGage,"4529151"
"0",2014-12-04,"02080201000537",,Medium,"0","0","USGS, Water Resources Division",,"02019000",http://waterdata.usgs.gov/nwis/nwisman/?site_no=02019000,79.73571,0.00000000000,StreamGage,"8523033"
"0",2014-12-04,"02070010000154",,Medium,"0","0","USGS, Water Resources Division",,"01657000",http://waterdata.usgs.gov/nwis/nwisman/?site_no=01657000,1.80588,0.00000000000,StreamGage,"22339041"
"0",2014-12-04,"02080206000299",,Medium,"0","0","USGS, Water Resources Division",,"02042287",http://waterdata.usgs.gov/nwis/nwisman/?site_no=02042287,83.83545,0.00000000000,StreamGage,"10061289"
"0",2014-12-04,"02070011001777",,Medium,"0","0","USGS, Water Resources Division",,"01660810",http://waterdata.usgs.gov/nwis/nwisman/?site_no=01660810,79.52151,0.00000000000,StreamGage,"4539757"
"0",2014-12-04,"02070010000389",,Medium,"0","0","USGS, Water Resources Division",,"01656102",http://waterdata.usgs.gov/nwis/nwisman/?site_no=01656102,53.24638,0.00000000000,StreamGage,"22340129"
"0",2014-12-04,"02080106000450",,Medium,"0","0","USGS, Water Resources Division",,"01673500",http://waterdata.usgs.gov/nwis/nwisman/?site_no=01673500,39.04692,0.00000000000,StreamGage,"8507654"
"0",2014-12-04,"02070006000120",,Medium,"0","0","USGS, Water Resources Division",,"01635500",http://waterdata.usgs.gov/nwis/nwisman/?site_no=01635500,12.39375,0.00000000000,StreamGage,"8441257"
"0",2014-12-04,"02080103000292",,Medium,"0","0","USGS, Water Resources Division",,"01665500",http://waterdata.usgs.gov/nwis/nwisman/?site_no=01665500,89.93209,0.00000000000,StreamGage,"8468791"
"0",2014-12-04,"02080202000032",,Medium,"0","0","USGS, Water Resources Division",,"02024000",http://waterdata.usgs.gov/nwis/nwisman/?site_no=02024000,75.46927,0.00000000000,StreamGage,"8540133"
"0",2014-12-04,"02080105000989",,Medium,"0","0","USGS, Water Resources Division",,"01674171",http://waterdata.usgs.gov/nwis/nwisman/?site_no=01674171,5.11082,0.00000000000,StreamGage,"8492946"
"0",2014-12-04,"02080207000695",,Medium,"0","0","USGS, Water Resources Division",,"02041840",http://waterdata.usgs.gov/nwis/nwisman/?site_no=02041840,15.06634,0.00000000000,StreamGage,"8608611"
"0",2014-12-04,"02080207000035",,Medium,"0","0","USGS, Water Resources Division",,"02041810",http://waterdata.usgs.gov/nwis/nwisman/?site_no=02041810,40.59137,0.00000000000,StreamGage,"8606801"
"0",2014-12-04,"02080202000095",,Medium,"0","0","USGS, Water Resources Division",,"02023000",http://waterdata.usgs.gov/nwis/nwisman/?site_no=02023000,40.26334,0.00000000000,StreamGage,"8539423"
"0",2014-12-04,"02080203000429",,Medium,"0","0","USGS, Water Resources Division",,"02025000",http://waterdata.usgs.gov/nwis/nwisman/?site_no=02025000,86.75580,0.00000000000,StreamGage,"8549597"
"0",2014-12-04,"02080102000021",,Medium,"0","0","USGS, Water Resources Division",,"01661800",http://waterdata.usgs.gov/nwis/nwisman/?site_no=01661800,29.92046,0.00000000000,StreamGage,"8457198"
"0",2014-12-04,"02070005000121",,Medium,"0","0","USGS, Water Resources Division",,"01626850",http://waterdata.usgs.gov/nwis/nwisman/?site_no=01626850,44.73629,0.00000000000,StreamGage,"5908485"
"0",2014-12-04,"02070011000909",,Medium,"0","0","USGS, Water Resources Division",,"01658705",http://waterdata.usgs.gov/nwis/nwisman/?site_no=01658705,9.80890,0.00000000000,StreamGage,"4529603"
"0",2014-12-04,"02080103000151",,Medium,"0","0","USGS, Water Resources Division",,"01662500",http://waterdata.usgs.gov/nwis/nwisman/?site_no=01662500,46.60536,0.00000000000,StreamGage,"8466033"
"0",2014-12-04,"02070010001231",,Medium,"0","0","USGS, Water Resources Division",,"01657415",http://waterdata.usgs.gov/nwis/nwisman/?site_no=01657415,72.77895,0.00000000000,StreamGage,"22341025"
"0",2014-12-04,"02080204000111",,Medium,"0","0","USGS, Water Resources Division",,"02032250",http://waterdata.usgs.gov/nwis/nwisman/?site_no=02032250,33.81394,0.00000000000,StreamGage,"8566671"
"0",2014-12-04,"02070011000420",,Medium,"0","0","USGS, Water Resources Division",,"01660000",http://waterdata.usgs.gov/nwis/nwisman/?site_no=01660000,35.58858,0.00000000000,StreamGage,"4529295"
"0",2014-12-04,"02080106000333",,Medium,"0","0","USGS, Water Resources Division",,"01672500",http://waterdata.usgs.gov/nwis/nwisman/?site_no=01672500,29.98032,0.00000000000,StreamGage,"8507536"
"0",2014-12-04,"02080207001990",,Medium,"0","0","USGS, Water Resources Division",,"02041830",http://waterdata.usgs.gov/nwis/nwisman/?site_no=02041830,14.15378,0.00000000000,StreamGage,"8608613"
"0",2014-12-04,"02080204000102",,Medium,"0","0","USGS, Water Resources Division",,"02032500",http://waterdata.usgs.gov/nwis/nwisman/?site_no=02032500,12.05669,0.00000000000,StreamGage,"8567181"
"0",2014-12-04,"02080201000012",,Medium,"0","0","USGS, Water Resources Division",,"02019500",http://waterdata.usgs.gov/nwis/nwisman/?site_no=02019500,14.32053,0.00000000000,StreamGage,"8523653"
"0",2014-12-04,"02070005000168",,Medium,"0","0","USGS, Water Resources Division",,"01624000",http://waterdata.usgs.gov/nwis/nwisman/?site_no=01624000,8.44850,0.00000000000,StreamGage,"5909023"
"0",2014-12-04,"02080103000141",,Medium,"0","0","USGS, Water Resources Division",,"01663500",http://waterdata.usgs.gov/nwis/nwisman/?site_no=01663500,16.46115,0.00000000000,StreamGage,"8465423"
"0",2014-12-04,"02080201000217",,Medium,"0","0","USGS, Water Resources Division",,"02011470",http://waterdata.usgs.gov/nwis/nwisman/?site_no=02011470,47.35129,0.00000000000,StreamGage,"8520739"
"0",2014-12-04,"02080206000092",,Medium,"0","0","USGS, Water Resources Division",,"02042500",http://waterdata.usgs.gov/nwis/nwisman/?site_no=02042500,16.59353,0.00000000000,StreamGage,"10067073"
"0",2014-12-04,"02070005000007",,Medium,"0","0","USGS, Water Resources Division",,"01629500",http://waterdata.usgs.gov/nwis/nwisman/?site_no=01629500,65.38831,0.00000000000,StreamGage,"5907167"
"0",2014-12-04,"02070011000305",,Medium,"0","0","USGS, Water Resources Division",,"01660400",http://waterdata.usgs.gov/nwis/nwisman/?site_no=01660400,64.14096,0.00000000000,StreamGage,"4533657"
"0",2014-12-04,"02080201000201",,Medium,"0","0","USGS, Water Resources Division",,"02011800",http://waterdata.usgs.gov/nwis/nwisman/?site_no=02011800,44.42994,0.00000000000,StreamGage,"8521381"
"0",2014-12-04,"02080206001756",,Medium,"0","0","USGS, Water Resources Division",,"02038755",http://waterdata.usgs.gov/nwis/nwisman/?site_no=02038755,45.29619,0.00000000000,StreamGage,"10067439"
"0",2014-12-04,"02080201000048",,Medium,"0","0","USGS, Water Resources Division",,"02016000",http://waterdata.usgs.gov/nwis/nwisman/?site_no=02016000,12.59208,0.00000000000,StreamGage,"8523325"
"0",2014-12-04,"02080103000075",,Medium,"0","0","USGS, Water Resources Division",,"01662000",http://waterdata.usgs.gov/nwis/nwisman/?site_no=01662000,31.22326,0.00000000000,StreamGage,"8465421"
"0",2014-12-04,"02070010000215",,Medium,"0","0","USGS, Water Resources Division",,"01656650",http://waterdata.usgs.gov/nwis/nwisman/?site_no=01656650,30.46037,0.00000000000,StreamGage,"22340381"
"0",2014-12-04,"02080205001354",,Medium,"0","0","USGS, Water Resources Division",,"02034100",http://waterdata.usgs.gov/nwis/nwisman/?site_no=02034100,91.94514,0.00000000000,StreamGage,"8575861"
"0",2014-12-04,"02080206001225",,Medium,"0","0","USGS, Water Resources Division",,"02042426",http://waterdata.usgs.gov/nwis/nwisman/?site_no=02042426,52.62046,0.00000000000,StreamGage,"10061377"
"0",2014-12-04,"02070005000124",,Medium,"0","0","USGS, Water Resources Division",,"01626500",http://waterdata.usgs.gov/nwis/nwisman/?site_no=01626500,43.10835,0.00000000000,StreamGage,"5908509"
"0",2014-12-04,"02080207000280",,Medium,"0","0","USGS, Water Resources Division",,"02039000",http://waterdata.usgs.gov/nwis/nwisman/?site_no=02039000,55.99930,0.00000000000,StreamGage,"8611935"
"0",2014-12-04,"02070010000477",,Medium,"0","0","USGS, Water Resources Division",,"01657882",http://waterdata.usgs.gov/nwis/nwisman/?site_no=01657882,76.99828,0.00000000000,StreamGage,"22340047"
"0",2014-12-04,"02080207000030",,Medium,"0","0","USGS, Water Resources Division",,"02041900",http://waterdata.usgs.gov/nwis/nwisman/?site_no=02041900,94.06827,0.00000000000,StreamGage,"8609137"
"0",2014-12-04,"02070005000577",,Medium,"0","0","USGS, Water Resources Division",,"01625000",http://waterdata.usgs.gov/nwis/nwisman/?site_no=01625000,61.33079,0.00000000000,StreamGage,"5908355"
"0",2014-12-04,"02080102000273",,Medium,"0","0","USGS, Water Resources Division",,"01670000",http://waterdata.usgs.gov/nwis/nwisman/?site_no=01670000,73.37330,0.00000000000,StreamGage,"8460192"
"0",2014-12-04,"02080105000458",,Medium,"0","0","USGS, Water Resources Division",,"01674174",http://waterdata.usgs.gov/nwis/nwisman/?site_no=01674174,16.02450,0.00000000000,StreamGage,"8494018"
"0",2014-12-04,"02070007000106",,Medium,"0","0","USGS, Water Resources Division",,"01636242",http://waterdata.usgs.gov/nwis/nwisman/?site_no=01636242,39.09055,0.00000000000,StreamGage,"8446268"
"0",2014-12-04,"02070011000869",,Medium,"0","0","USGS, Water Resources Division",,"01660500",http://waterdata.usgs.gov/nwis/nwisman/?site_no=01660500,5.01641,0.00000000000,StreamGage,"4529453"
"0",2014-12-04,"02070010000332",,Medium,"0","0","USGS, Water Resources Division",,"01657850",http://waterdata.usgs.gov/nwis/nwisman/?site_no=01657850,73.22065,0.00000000000,StreamGage,"22339903"
"0",2014-12-04,"02070011000916",,Medium,"0","0","USGS, Water Resources Division",,"01658650",http://waterdata.usgs.gov/nwis/nwisman/?site_no=01658650,7.66297,0.00000000000,StreamGage,"4529185"
"0",2014-12-04,"02080203000208",,Medium,"0","0","USGS, Water Resources Division",,"02028000",http://waterdata.usgs.gov/nwis/nwisman/?site_no=02028000,55.53309,0.00000000000,StreamGage,"8546603"
"0",2014-12-04,"02070005000137",,Medium,"0","0","USGS, Water Resources Division",,"01625900",http://waterdata.usgs.gov/nwis/nwisman/?site_no=01625900,47.19304,0.00000000000,StreamGage,"5908609"
"0",2014-12-04,"02080207001987",,Medium,"0","0","USGS, Water Resources Division",,"02041890",http://waterdata.usgs.gov/nwis/nwisman/?site_no=02041890,6.43790,0.00000000000,StreamGage,"8606985"
"0",2014-12-04,"02080106000440",,Medium,"0","0","USGS, Water Resources Division",,"01673550",http://waterdata.usgs.gov/nwis/nwisman/?site_no=01673550,97.59359,0.00000000000,StreamGage,"8506844"
"0",2014-12-04,"02080202000161",,Medium,"0","0","USGS, Water Resources Division",,"02021000",http://waterdata.usgs.gov/nwis/nwisman/?site_no=02021000,95.70099,0.00000000000,StreamGage,"8538673"
"0",2014-12-04,"02080201000042",,Medium,"0","0","USGS, Water Resources Division",,"02016500",http://waterdata.usgs.gov/nwis/nwisman/?site_no=02016500,97.71374,0.00000000000,StreamGage,"8523633"
"0",2014-12-04,"02080103000260",,Medium,"0","0","USGS, Water Resources Division",,"01666500",http://waterdata.usgs.gov/nwis/nwisman/?site_no=01666500,45.77110,0.00000000000,StreamGage,"8468559"
"0",2014-12-04,"02080201000367",,Medium,"0","0","USGS, Water Resources Division",,"02018000",http://waterdata.usgs.gov/nwis/nwisman/?site_no=02018000,69.10326,0.00000000000,StreamGage,"8522521"
"0",2014-12-04,"02070010000492",,Medium,"0","0","USGS, Water Resources Division",,"01657655",http://waterdata.usgs.gov/nwis/nwisman/?site_no=01657655,27.95830,0.00000000000,StreamGage,"22339685"
"0",2014-12-04,"02070005000549",,Medium,"0","0","USGS, Water Resources Division",,"01631000",http://waterdata.usgs.gov/nwis/nwisman/?site_no=01631000,33.70721,0.00000000000,StreamGage,"5907079"
"0",2014-12-04,"02070006000067",,Medium,"0","0","USGS, Water Resources Division",,"01633000",http://waterdata.usgs.gov/nwis/nwisman/?site_no=01633000,97.49682,0.00000000000,StreamGage,"8441291"
"0",2014-12-04,"02080203000483",,Medium,"0","0","USGS, Water Resources Division",,"02024752",http://waterdata.usgs.gov/nwis/nwisman/?site_no=02024752,11.87625,0.00000000000,StreamGage,"8550041"
"0",2014-12-04,"02080201000217",,Medium,"0","0","USGS, Water Resources Division",,"02011480",http://waterdata.usgs.gov/nwis/nwisman/?site_no=02011480,10.79234,0.00000000000,StreamGage,"8520739"
"0",2014-12-04,"02080207000232",,Medium,"0","0","USGS, Water Resources Division",,"02038840",http://waterdata.usgs.gov/nwis/nwisman/?site_no=02038840,38.98228,0.00000000000,StreamGage,"8611819"
"0",2014-12-04,"02080207000253",,Medium,"0","0","USGS, Water Resources Division",,"02038880",http://waterdata.usgs.gov/nwis/nwisman/?site_no=02038880,75.24327,0.00000000000,StreamGage,"8610345"
"0",2014-12-04,"02070006000394",,Medium,"0","0","USGS, Water Resources Division",,"01633500",http://waterdata.usgs.gov/nwis/nwisman/?site_no=01633500,81.71484,0.00000000000,StreamGage,"8440905"
"0",2014-12-04,"02080204000076",,Medium,"0","0","USGS, Water Resources Division",,"02032680",http://waterdata.usgs.gov/nwis/nwisman/?site_no=02032680,76.73008,0.00000000000,StreamGage,"8566771"
"0",2014-12-04,"02070005000039",,Medium,"0","0","USGS, Water Resources Division",,"01621000",http://waterdata.usgs.gov/nwis/nwisman/?site_no=01621000,99.22969,0.00000000000,StreamGage,"5907449"
"0",2014-12-04,"02080204000070",,Medium,"0","0","USGS, Water Resources Division",,"02033500",http://waterdata.usgs.gov/nwis/nwisman/?site_no=02033500,96.64358,0.00000000000,StreamGage,"8566971"
"0",2014-12-04,"02080201000201",,Medium,"0","0","USGS, Water Resources Division",,"02011795",http://waterdata.usgs.gov/nwis/nwisman/?site_no=02011795,99.35297,0.00000000000,StreamGage,"8521381"
"0",2014-12-04,"02070005000125",,Medium,"0","0","USGS, Water Resources Division",,"01626000",http://waterdata.usgs.gov/nwis/nwisman/?site_no=01626000,14.56322,0.00000000000,StreamGage,"5908521"
"0",2014-12-04,"02080106000154",,Medium,"0","0","USGS, Water Resources Division",,"01671000",http://waterdata.usgs.gov/nwis/nwisman/?site_no=01671000,96.82270,0.00000000000,StreamGage,"8505466"
"0",2014-12-04,"02080205000255",,Medium,"0","0","USGS, Water Resources Division",,"02036000",http://waterdata.usgs.gov/nwis/nwisman/?site_no=02036000,87.90781,0.00000000000,StreamGage,"8572905"
"0",2014-12-04,"02080103000319",,Medium,"0","0","USGS, Water Resources Division",,"01667870",http://waterdata.usgs.gov/nwis/nwisman/?site_no=01667870,67.61874,0.00000000000,StreamGage,"8467229"
"0",2014-12-04,"02070008000136",,Medium,"0","0","USGS, Water Resources Division",,"01638420",http://waterdata.usgs.gov/nwis/nwisman/?site_no=01638420,7.09853,0.00000000000,StreamGage,"4505866"
"0",2014-12-04,"02080103000253",,Medium,"0","0","USGS, Water Resources Division",,"01667500",http://waterdata.usgs.gov/nwis/nwisman/?site_no=01667500,66.94456,0.00000000000,StreamGage,"8467225"
"0",2014-12-04,"02080202000196",,Medium,"0","0","USGS, Water Resources Division",,"02022500",http://waterdata.usgs.gov/nwis/nwisman/?site_no=02022500,36.86523,0.00000000000,StreamGage,"8540051"
"0",2014-12-04,"02080207001994",,Medium,"0","0","USGS, Water Resources Division",,"02041820",http://waterdata.usgs.gov/nwis/nwisman/?site_no=02041820,65.32735,0.00000000000,StreamGage,"8606975"
"0",2014-12-04,"02080105000071",,Medium,"0","0","USGS, Water Resources Division",,"01674500",http://waterdata.usgs.gov/nwis/nwisman/?site_no=01674500,58.35319,0.00000000000,StreamGage,"8494082"
"0",2014-12-04,"02080102000054",,Medium,"0","0","USGS, Water Resources Division",,"01669520",http://waterdata.usgs.gov/nwis/nwisman/?site_no=01669520,88.42168,0.00000000000,StreamGage,"8457352"
"0",2014-12-04,"02080203002689",,Medium,"0","0","USGS, Water Resources Division",,"02026000",http://waterdata.usgs.gov/nwis/nwisman/?site_no=02026000,4.09244,0.00000000000,StreamGage,"8547851"
"0",2014-12-04,"02070011000411",,Medium,"0","0","USGS, Water Resources Division",,"01660380",http://waterdata.usgs.gov/nwis/nwisman/?site_no=01660380,7.08693,0.00000000000,StreamGage,"4534305"
"0",2014-12-04,"02070005000501",,Medium,"0","0","USGS, Water Resources Division",,"01621470",http://waterdata.usgs.gov/nwis/nwisman/?site_no=01621470,4.87674,0.00000000000,StreamGage,"5908205"
"0",2014-12-04,"02070010000477",,Medium,"0","0","USGS, Water Resources Division",,"01657885",http://waterdata.usgs.gov/nwis/nwisman/?site_no=01657885,54.18197,0.00000000000,StreamGage,"22340047"
"0",2014-12-04,"02070007000103",,Medium,"0","0","USGS, Water Resources Division",,"0163626650",http://waterdata.usgs.gov/nwis/nwisman/?site_no=0163626650,31.29038,0.00000000000,StreamGage,"8446278"
"0",2014-12-04,"02070005000066",,Medium,"0","0","USGS, Water Resources Division",,"01620500",http://waterdata.usgs.gov/nwis/nwisman/?site_no=01620500,9.42584,0.00000000000,StreamGage,"5909157"
"0",2014-12-04,"02080203002522",,Medium,"0","0","USGS, Water Resources Division",,"02025500",http://waterdata.usgs.gov/nwis/nwisman/?site_no=02025500,37.91290,0.00000000000,StreamGage,"8550147"
"0",2014-12-04,"02080203000258",,Medium,"0","0","USGS, Water Resources Division",,"02026500",http://waterdata.usgs.gov/nwis/nwisman/?site_no=02026500,4.75405,0.00000000000,StreamGage,"8545615"
"0",2014-12-04,"02080201000217",,Medium,"0","0","USGS, Water Resources Division",,"02011460",http://waterdata.usgs.gov/nwis/nwisman/?site_no=02011460,77.83181,0.00000000000,StreamGage,"8520739"
"0",2014-12-04,"02080202000209",,Medium,"0","0","USGS, Water Resources Division",,"02024300",http://waterdata.usgs.gov/nwis/nwisman/?site_no=02024300,98.07394,0.00000000000,StreamGage,"8539853"
"0",2014-12-04,"02070010000402",,Medium,"0","0","USGS, Water Resources Division",,"01654500",http://waterdata.usgs.gov/nwis/nwisman/?site_no=01654500,11.02757,0.00000000000,StreamGage,"22340329"
"0",2014-12-04,"02080207010689",,Medium,"0","0","USGS, Water Resources Division",,"02041500",http://waterdata.usgs.gov/nwis/nwisman/?site_no=02041500,59.24887,0.00000000000,StreamGage,"8609035"
"0",2014-12-04,"02080201000203",,Medium,"0","0","USGS, Water Resources Division",,"02011400",http://waterdata.usgs.gov/nwis/nwisman/?site_no=02011400,66.84921,0.00000000000,StreamGage,"8520617"
"0",2014-12-04,"02070011000909",,Medium,"0","0","USGS, Water Resources Division",,"01658698",http://waterdata.usgs.gov/nwis/nwisman/?site_no=01658698,55.02395,0.00000000000,StreamGage,"4529603"
"0",2014-12-04,"02070005000501",,Medium,"0","0","USGS, Water Resources Division",,"01621410",http://waterdata.usgs.gov/nwis/nwisman/?site_no=01621410,52.08246,0.00000000000,StreamGage,"5908205"
"0",2014-12-04,"02070011000904",,Medium,"0","0","USGS, Water Resources Division",,"01659500",http://waterdata.usgs.gov/nwis/nwisman/?site_no=01659500,23.27723,0.00000000000,StreamGage,"4529237"
"0",2014-12-04,"02080203000245",,Medium,"0","0","USGS, Water Resources Division",,"02027000",http://waterdata.usgs.gov/nwis/nwisman/?site_no=02027000,10.88704,0.00000000000,StreamGage,"8547581"
"0",2014-12-04,"02080204000020",,Medium,"0","0","USGS, Water Resources Division",,"02034000",http://waterdata.usgs.gov/nwis/nwisman/?site_no=02034000,37.61221,0.00000000000,StreamGage,"8568309"
"0",2014-12-04,"02080106000142",,Medium,"0","0","USGS, Water Resources Division",,"01671020",http://waterdata.usgs.gov/nwis/nwisman/?site_no=01671020,46.49586,0.00000000000,StreamGage,"8505740"
"0",2014-12-04,"02070010000109",,Medium,"0","0","USGS, Water Resources Division",,"01653000",http://waterdata.usgs.gov/nwis/nwisman/?site_no=01653000,81.62099,0.00000000000,StreamGage,"22340339"
"0",2014-12-04,"02080203000484",,Medium,"0","0","USGS, Water Resources Division",,"02024750",http://waterdata.usgs.gov/nwis/nwisman/?site_no=02024750,95.69390,0.00000000000,StreamGage,"8549979"
"0",2014-12-04,"02070011000288",,Medium,"0","0","USGS, Water Resources Division",,"01658480",http://waterdata.usgs.gov/nwis/nwisman/?site_no=01658480,0.74373,0.00000000000,StreamGage,"4529583"
"0",2014-12-04,"02070005000021",,Medium,"0","0","USGS, Water Resources Division",,"01628500",http://waterdata.usgs.gov/nwis/nwisman/?site_no=01628500,93.55134,0.00000000000,StreamGage,"5908723"
"0",2014-12-04,"02070010000294",,Medium,"0","0","USGS, Water Resources Division",,"01655500",http://waterdata.usgs.gov/nwis/nwisman/?site_no=01655500,96.96645,0.00000000000,StreamGage,"22339377"
"0",2014-12-04,"02080105000325",,Medium,"0","0","USGS, Water Resources Division",,"01674160",http://waterdata.usgs.gov/nwis/nwisman/?site_no=01674160,25.74271,0.00000000000,StreamGage,"8492854"
"0",2014-12-04,"02070010000272",,Medium,"0","0","USGS, Water Resources Division",,"01656000",http://waterdata.usgs.gov/nwis/nwisman/?site_no=01656000,83.13461,0.00000000000,StreamGage,"22339947"
"0",2014-12-04,"02070010000155",,Medium,"0","0","USGS, Water Resources Division",,"01656960",http://waterdata.usgs.gov/nwis/nwisman/?site_no=01656960,79.67156,0.00000000000,StreamGage,"22340341"
"0",2014-12-04,"02080202000162",,Medium,"0","0","USGS, Water Resources Division",,"02020500",http://waterdata.usgs.gov/nwis/nwisman/?site_no=02020500,58.05827,0.00000000000,StreamGage,"8538663"
"0",2014-12-04,"02070011000919",,Medium,"0","0","USGS, Water Resources Division",,"01658500",http://waterdata.usgs.gov/nwis/nwisman/?site_no=01658500,88.52220,0.00000000000,StreamGage,"4529107"
"0",2014-12-04,"02080203000283",,Medium,"0","0","USGS, Water Resources Division",,"02027500",http://waterdata.usgs.gov/nwis/nwisman/?site_no=02027500,60.05744,0.00000000000,StreamGage,"8549853"
"0",2014-12-04,"02070008000592",,Medium,"0","0","USGS, Water Resources Division",,"01644295",http://waterdata.usgs.gov/nwis/nwisman/?site_no=01644295,36.41086,0.00000000000,StreamGage,"4509212"
"0",2014-12-04,"02080201000418",,Medium,"0","0","USGS, Water Resources Division",,"02017500",http://waterdata.usgs.gov/nwis/nwisman/?site_no=02017500,43.14458,0.00000000000,StreamGage,"8525659"
"0",2014-12-04,"02070011000275",,Medium,"0","0","USGS, Water Resources Division",,"01657895",http://waterdata.usgs.gov/nwis/nwisman/?site_no=01657895,58.15169,0.00000000000,StreamGage,"4528979"
"0",2014-12-04,"02080207000236",,Medium,"0","0","USGS, Water Resources Division",,"02038830",http://waterdata.usgs.gov/nwis/nwisman/?site_no=02038830,50.46875,0.00000000000,StreamGage,"8610245"
"0",2014-12-04,"02080204000103",,Medium,"0","0","USGS, Water Resources Division",,"02032400",http://waterdata.usgs.gov/nwis/nwisman/?site_no=02032400,94.76780,0.00000000000,StreamGage,"8566657"
"0",2014-12-04,"02080206000168",,Medium,"0","0","USGS, Water Resources Division",,"02038000",http://waterdata.usgs.gov/nwis/nwisman/?site_no=02038000,72.50714,0.00000000000,StreamGage,"10067059"
"0",2014-12-04,"02070008000144",,Medium,"0","0","USGS, Water Resources Division",,"01638350",http://waterdata.usgs.gov/nwis/nwisman/?site_no=01638350,41.77113,0.00000000000,StreamGage,"4505894"
"0",2014-12-04,"02080106000656",,Medium,"0","0","USGS, Water Resources Division",,"01671500",http://waterdata.usgs.gov/nwis/nwisman/?site_no=01671500,90.59411,0.00000000000,StreamGage,"8502714"
"0",2014-12-04,"02070005000338",,Medium,"0","0","USGS, Water Resources Division",,"01628060",http://waterdata.usgs.gov/nwis/nwisman/?site_no=01628060,11.02878,0.00000000000,StreamGage,"5908597"
"0",2014-12-04,"02080103000052",,Medium,"0","0","USGS, Water Resources Division",,"01664000",http://waterdata.usgs.gov/nwis/nwisman/?site_no=01664000,37.68439,0.00000000000,StreamGage,"8465429"
"0",2014-12-04,"02080108000269",,Medium,"0","0","USGS, Water Resources Division",,"01679000",http://waterdata.usgs.gov/nwis/nwisman/?site_no=01679000,85.31009,0.00000000000,StreamGage,"9893010"
"0",2014-12-04,"02080201000214",,Medium,"0","0","USGS, Water Resources Division",,"02011500",http://waterdata.usgs.gov/nwis/nwisman/?site_no=02011500,67.30943,0.00000000000,StreamGage,"8520755"
"0",2014-12-04,"02070008001427",,Medium,"0","0","USGS, Water Resources Division",,"01646305",http://waterdata.usgs.gov/nwis/nwisman/?site_no=01646305,26.49788,0.00000000000,StreamGage,"4508904"
"0",2014-12-04,"02080104000263",,Medium,"0","0","USGS, Water Resources Division",,"01668800",http://waterdata.usgs.gov/nwis/nwisman/?site_no=01668800,20.23601,0.00000000000,StreamGage,"8479080"
"0",2014-12-04,"02080206000174",,Medium,"0","0","USGS, Water Resources Division",,"02037800",http://waterdata.usgs.gov/nwis/nwisman/?site_no=02037800,30.44620,0.00000000000,StreamGage,"10065993"
"0",2014-12-04,"02070005000096",,Medium,"0","0","USGS, Water Resources Division",,"01624800",http://waterdata.usgs.gov/nwis/nwisman/?site_no=01624800,66.01561,0.00000000000,StreamGage,"5908465"
"0",2014-12-04,"02080103000193",,Medium,"0","0","USGS, Water Resources Division",,"01665000",http://waterdata.usgs.gov/nwis/nwisman/?site_no=01665000,65.57606,0.00000000000,StreamGage,"8468769"
"0",2014-12-04,"02070006000080",,Medium,"0","0","USGS, Water Resources Division",,"01632000",http://waterdata.usgs.gov/nwis/nwisman/?site_no=01632000,34.95784,0.00000000000,StreamGage,"8441037"
"0",2014-12-04,"02080103000087",,Medium,"0","0","USGS, Water Resources Division",,"01661900",http://waterdata.usgs.gov/nwis/nwisman/?site_no=01661900,27.73596,0.00000000000,StreamGage,"8464725"
"0",2014-12-04,"02070004000669",,Medium,"0","0","USGS, Water Resources Division",,"01615500",http://waterdata.usgs.gov/nwis/nwisman/?site_no=01615500,18.55755,0.00000000000,StreamGage,"5895996"
"0",2014-12-04,"02070004000427",,Medium,"0","0","USGS, Water Resources Division",,"01613900",http://waterdata.usgs.gov/nwis/nwisman/?site_no=01613900,97.18011,0.00000000000,StreamGage,"5895822"
"0",2014-12-04,"02070010000182",,Medium,"0","0","USGS, Water Resources Division",,"01656725",http://waterdata.usgs.gov/nwis/nwisman/?site_no=01656725,51.11665,0.00000000000,StreamGage,"22338623"
"0",2014-12-04,"02070010000477",,Medium,"0","0","USGS, Water Resources Division",,"01657865",http://waterdata.usgs.gov/nwis/nwisman/?site_no=01657865,86.09724,0.00000000000,StreamGage,"22339847"
"0",2014-12-04,"02080207001981",,Medium,"0","0","USGS, Water Resources Division",,"02041880",http://waterdata.usgs.gov/nwis/nwisman/?site_no=02041880,9.02948,0.00000000000,StreamGage,"8607079"
"0",2014-12-04,"02080205001282",,Medium,"0","0","USGS, Water Resources Division",,"02037000",http://waterdata.usgs.gov/nwis/nwisman/?site_no=02037000,26.04338,0.00000000000,StreamGage,"8573705"
"0",2014-12-04,"02080204000099",,Medium,"0","0","USGS, Water Resources Division",,"02032515",http://waterdata.usgs.gov/nwis/nwisman/?site_no=02032515,78.51837,0.00000000000,StreamGage,"8566741"
"0",2014-12-04,"02070008000434",,Medium,"0","0","USGS, Water Resources Division",,"01643590",http://waterdata.usgs.gov/nwis/nwisman/?site_no=01643590,93.41477,0.00000000000,StreamGage,"4506028"
"0",2014-12-04,"02080201000225",,Medium,"0","0","USGS, Water Resources Division",,"02013000",http://waterdata.usgs.gov/nwis/nwisman/?site_no=02013000,71.34668,0.00000000000,StreamGage,"8525587"
"0",2014-12-04,"02070006000108",,Medium,"0","0","USGS, Water Resources Division",,"01632082",http://waterdata.usgs.gov/nwis/nwisman/?site_no=01632082,86.48221,0.00000000000,StreamGage,"8441047"
"0",2014-12-04,"02080206000166",,Medium,"0","0","USGS, Water Resources Division",,"02038500",http://waterdata.usgs.gov/nwis/nwisman/?site_no=02038500,43.67763,0.00000000000,StreamGage,"10066015"
"0",2014-12-04,"02070010000204",,Medium,"0","0","USGS, Water Resources Division",,"01656700",http://waterdata.usgs.gov/nwis/nwisman/?site_no=01656700,34.77828,0.00000000000,StreamGage,"22339527"
"0",2014-12-04,"02080103001006",,Medium,"0","0","USGS, Water Resources Division",,"01664500",http://waterdata.usgs.gov/nwis/nwisman/?site_no=01664500,92.19774,0.00000000000,StreamGage,"8466695"
"0",2014-12-04,"02070004000479",,Medium,"0","0","USGS, Water Resources Division",,"01615000",http://waterdata.usgs.gov/nwis/nwisman/?site_no=01615000,51.77929,0.00000000000,StreamGage,"5895964"
"0",2014-12-04,"02080205000093",,Medium,"0","0","USGS, Water Resources Division",,"02035000",http://waterdata.usgs.gov/nwis/nwisman/?site_no=02035000,42.00072,0.00000000000,StreamGage,"8575903"
"0",2014-12-04,"02080204000122",,Medium,"0","0","USGS, Water Resources Division",,"02031500",http://waterdata.usgs.gov/nwis/nwisman/?site_no=02031500,92.37739,0.00000000000,StreamGage,"8567119"
"0",2014-12-04,"02080203000035",,Medium,"0","0","USGS, Water Resources Division",,"02030000",http://waterdata.usgs.gov/nwis/nwisman/?site_no=02030000,62.42440,0.00000000000,StreamGage,"8545183"
"0",2014-12-04,"02080202000034",,Medium,"0","0","USGS, Water Resources Division",,"02023500",http://waterdata.usgs.gov/nwis/nwisman/?site_no=02023500,8.53476,0.00000000000,StreamGage,"8539545"
"0",2014-12-04,"02070011000291",,Medium,"0","0","USGS, Water Resources Division",,"01660100",http://waterdata.usgs.gov/nwis/nwisman/?site_no=01660100,88.55264,0.00000000000,StreamGage,"4529605"
"0",2014-12-04,"02080105000166",,Medium,"0","0","USGS, Water Resources Division",,"01674000",http://waterdata.usgs.gov/nwis/nwisman/?site_no=01674000,54.89809,0.00000000000,StreamGage,"8489912"
"0",2014-12-04,"02080201000223",,Medium,"0","0","USGS, Water Resources Division",,"02011490",http://waterdata.usgs.gov/nwis/nwisman/?site_no=02011490,81.75458,0.00000000000,StreamGage,"8520575"
"0",2014-12-04,"02070005000298",,Medium,"0","0","USGS, Water Resources Division",,"01630700",http://waterdata.usgs.gov/nwis/nwisman/?site_no=01630700,84.21717,0.00000000000,StreamGage,"5907049"
"0",2014-12-04,"02080201000712",,Medium,"0","0","USGS, Water Resources Division",,"02017000",http://waterdata.usgs.gov/nwis/nwisman/?site_no=02017000,20.63201,0.00000000000,StreamGage,"8526431"
"0",2014-12-04,"02080105000227",,Medium,"0","0","USGS, Water Resources Division",,"01673800",http://waterdata.usgs.gov/nwis/nwisman/?site_no=01673800,68.66280,0.00000000000,StreamGage,"8489364"
"0",2014-12-04,"02070010000116",,Medium,"0","0","USGS, Water Resources Division",,"01655000",http://waterdata.usgs.gov/nwis/nwisman/?site_no=01655000,49.40301,0.00000000000,StreamGage,"22340413"
"0",2014-12-04,"02080205000243",,Medium,"0","0","USGS, Water Resources Division",,"02036500",http://waterdata.usgs.gov/nwis/nwisman/?site_no=02036500,21.92862,0.00000000000,StreamGage,"8573687"
"0",2014-12-04,"02080201000160",,Medium,"0","0","USGS, Water Resources Division",,"02013100",http://waterdata.usgs.gov/nwis/nwisman/?site_no=02013100,60.39275,0.00000000000,StreamGage,"8524321"
"0",2014-12-04,"02070008000537",,Medium,"0","0","USGS, Water Resources Division",,"01645784",http://waterdata.usgs.gov/nwis/nwisman/?site_no=01645784,12.29010,0.00000000000,StreamGage,"4508914"
"0",2014-12-04,"02070008000544",,Medium,"0","0","USGS, Water Resources Division",,"01645762",http://waterdata.usgs.gov/nwis/nwisman/?site_no=01645762,17.07323,0.00000000000,StreamGage,"4509040"
"0",2014-12-04,"02070010000477",,Medium,"0","0","USGS, Water Resources Division",,"01657880",http://waterdata.usgs.gov/nwis/nwisman/?site_no=01657880,75.31029,0.00000000000,StreamGage,"22340047"
"0",2014-12-04,"02080203000611",,Medium,"0","0","USGS, Water Resources Division",,"02030500",http://waterdata.usgs.gov/nwis/nwisman/?site_no=02030500,91.78353,0.00000000000,StreamGage,"8547583"
"0",2014-12-04,"02080203000138",,Medium,"0","0","USGS, Water Resources Division",,"02028500",http://waterdata.usgs.gov/nwis/nwisman/?site_no=02028500,92.64833,0.00000000000,StreamGage,"8547459"
"0",2014-12-04,"02070004000666",,Medium,"0","0","USGS, Water Resources Division",,"01616000",http://waterdata.usgs.gov/nwis/nwisman/?site_no=01616000,16.12584,0.00000000000,StreamGage,"5895952"
"0",2014-12-04,"02080105000322",,Medium,"0","0","USGS, Water Resources Division",,"01674172",http://waterdata.usgs.gov/nwis/nwisman/?site_no=01674172,63.51820,0.00000000000,StreamGage,"8492856"
"0",2014-12-04,"02070011000296",,Medium,"0","0","USGS, Water Resources Division",,"01659000",http://waterdata.usgs.gov/nwis/nwisman/?site_no=01659000,16.48051,0.00000000000,StreamGage,"4529217"
"0",2014-12-04,"02070006000368",,Medium,"0","0","USGS, Water Resources Division",,"01635360",http://waterdata.usgs.gov/nwis/nwisman/?site_no=01635360,48.01384,0.00000000000,StreamGage,"8440851"
"0",2014-12-04,"02080201000561",,Medium,"0","0","USGS, Water Resources Division",,"02018500",http://waterdata.usgs.gov/nwis/nwisman/?site_no=02018500,93.32510,0.00000000000,StreamGage,"8526515"
"0",2014-12-04,"02080103000979",,Medium,"0","0","USGS, Water Resources Division",,"01662156",http://waterdata.usgs.gov/nwis/nwisman/?site_no=01662156,49.90642,0.00000000000,StreamGage,"932080033"
"0",2014-12-04,"02070005000106",,Medium,"0","0","USGS, Water Resources Division",,"01627500",http://waterdata.usgs.gov/nwis/nwisman/?site_no=01627500,98.01934,0.00000000000,StreamGage,"5908375"
"0",2014-12-04,"02080207002192",,Medium,"0","0","USGS, Water Resources Division",,"02041650",http://waterdata.usgs.gov/nwis/nwisman/?site_no=02041650,28.68228,0.00000000000,StreamGage,"8608039"
"0",2014-12-04,"02080205000051",,Medium,"0","0","USGS, Water Resources Division",,"02035500",http://waterdata.usgs.gov/nwis/nwisman/?site_no=02035500,53.28740,0.00000000000,StreamGage,"8572671"
"0",2014-12-04,"02080104000179",,Medium,"0","0","USGS, Water Resources Division",,"01668000",http://waterdata.usgs.gov/nwis/nwisman/?site_no=01668000,97.77630,0.00000000000,StreamGage,"8476948"
"0",2014-12-04,"02080106000140",,Medium,"0","0","USGS, Water Resources Division",,"01671025",http://waterdata.usgs.gov/nwis/nwisman/?site_no=01671025,5.57178,0.00000000000,StreamGage,"8505840"
"0",2014-12-04,"02080105000308",,Medium,"0","0","USGS, Water Resources Division",,"01674180",http://waterdata.usgs.gov/nwis/nwisman/?site_no=01674180,15.84433,0.00000000000,StreamGage,"8492954"
"0",2014-12-04,"02080201000276",,Medium,"0","0","USGS, Water Resources Division",,"02014000",http://waterdata.usgs.gov/nwis/nwisman/?site_no=02014000,55.64842,0.00000000000,StreamGage,"8525619"
"0",2014-12-04,"02080207000228",,Medium,"0","0","USGS, Water Resources Division",,"02038850",http://waterdata.usgs.gov/nwis/nwisman/?site_no=02038850,94.68970,0.00000000000,StreamGage,"8611825"
"0",2014-12-04,"02080106000113",,Medium,"0","0","USGS, Water Resources Division",,"01673000",http://waterdata.usgs.gov/nwis/nwisman/?site_no=01673000,8.46102,0.00000000000,StreamGage,"8506380"
"0",2014-12-04,"02080207000019",,Medium,"0","0","USGS, Water Resources Division",,"02042000",http://waterdata.usgs.gov/nwis/nwisman/?site_no=02042000,94.08602,0.00000000000,StreamGage,"8607487"
"0",2014-12-04,"02080207000445",,Medium,"0","0","USGS, Water Resources Division",,"02041000",http://waterdata.usgs.gov/nwis/nwisman/?site_no=02041000,44.99013,0.00000000000,StreamGage,"8607681"
"0",2014-12-04,"02080203000305",,Medium,"0","0","USGS, Water Resources Division",,"02027800",http://waterdata.usgs.gov/nwis/nwisman/?site_no=02027800,38.94433,0.00000000000,StreamGage,"8546711"
"0",2014-12-04,"02080106000255",,Medium,"0","0","USGS, Water Resources Division",,"01671100",http://waterdata.usgs.gov/nwis/nwisman/?site_no=01671100,60.75057,0.00000000000,StreamGage,"8507516"
"0",2014-12-04,"02070010000797",,Medium,"0","0","USGS, Water Resources Division",,"01656903",http://waterdata.usgs.gov/nwis/nwisman/?site_no=01656903,5.28852,0.00000000000,StreamGage,"22338645"
"0",2014-12-04,"02080207000124",,Medium,"0","0","USGS, Water Resources Division",,"02040000",http://waterdata.usgs.gov/nwis/nwisman/?site_no=02040000,32.33308,0.00000000000,StreamGage,"8606911"
"0",2014-12-04,"02080201000794",,Medium,"0","0","USGS, Water Resources Division",,"02015000",http://waterdata.usgs.gov/nwis/nwisman/?site_no=02015000,81.62539,0.00000000000,StreamGage,"8523469"
"0",2014-12-04,"02070010001016",,Medium,"0","0","USGS, Water Resources Division",,"01652500",http://waterdata.usgs.gov/nwis/nwisman/?site_no=01652500,43.78601,0.00000000000,StreamGage,"22340313"
"0",2014-12-04,"02070005000192",,Medium,"0","0","USGS, Water Resources Division",,"01628150",http://waterdata.usgs.gov/nwis/nwisman/?site_no=01628150,56.09183,0.00000000000,StreamGage,"5908591"
"0",2014-12-04,"02080203000074",,Medium,"0","0","USGS, Water Resources Division",,"02029000",http://waterdata.usgs.gov/nwis/nwisman/?site_no=02029000,95.31698,0.00000000000,StreamGage,"8548103"
"0",2014-12-04,"02080203002530",,Medium,"0","0","USGS, Water Resources Division",,"02025510",http://waterdata.usgs.gov/nwis/nwisman/?site_no=02025510,31.65559,0.00000000000,StreamGage,"8549997"
"0",2014-12-04,"02080103000146",,Medium,"0","0","USGS, Water Resources Division",,"01662800",http://waterdata.usgs.gov/nwis/nwisman/?site_no=01662800,41.63059,0.00000000000,StreamGage,"8466041"
"0",2014-12-04,"02080202000704",,Medium,"0","0","USGS, Water Resources Division",,"02024500",http://waterdata.usgs.gov/nwis/nwisman/?site_no=02024500,78.95887,0.00000000000,StreamGage,"8539955"
"0",2014-12-04,"02080103000144",,Medium,"0","0","USGS, Water Resources Division",,"01663000",http://waterdata.usgs.gov/nwis/nwisman/?site_no=01663000,58.85183,0.00000000000,StreamGage,"8465817"
"0",2014-12-04,"02080103000258",,Medium,"0","0","USGS, Water Resources Division",,"01667000",http://waterdata.usgs.gov/nwis/nwisman/?site_no=01667000,32.30605,0.00000000000,StreamGage,"8468571"
"0",2014-12-04,"02070004000687",,Medium,"0","0","USGS, Water Resources Division",,"01616100",http://waterdata.usgs.gov/nwis/nwisman/?site_no=01616100,8.39247,0.00000000000,StreamGage,"5895892"
"0",2014-12-04,"02080207002140",,Medium,"0","0","USGS, Water Resources Division",,"02041850",http://waterdata.usgs.gov/nwis/nwisman/?site_no=02041850,5.34045,0.00000000000,StreamGage,"8606731"
"0",2014-12-04,"02070005000168",,Medium,"0","0","USGS, Water Resources Division",,"01623500",http://waterdata.usgs.gov/nwis/nwisman/?site_no=01623500,74.80100,0.00000000000,StreamGage,"5909023"
"0",2014-12-04,"02070006000114",,Medium,"0","0","USGS, Water Resources Division",,"01632900",http://waterdata.usgs.gov/nwis/nwisman/?site_no=01632900,9.65519,0.00000000000,StreamGage,"8441303"
"0",2014-12-04,"02080106000363",,Medium,"0","0","USGS, Water Resources Division",,"01672000",http://waterdata.usgs.gov/nwis/nwisman/?site_no=01672000,42.39771,0.00000000000,StreamGage,"8507546"
"0",2014-12-04,"02080106000029",,Medium,"0","0","USGS, Water Resources Division",,"01673638",http://waterdata.usgs.gov/nwis/nwisman/?site_no=01673638,61.00319,0.00000000000,StreamGage,"8503542"
"0",2014-12-04,"02080207001179",,Medium,"0","0","USGS, Water Resources Division",,"02038845",http://waterdata.usgs.gov/nwis/nwisman/?site_no=02038845,30.42171,0.00000000000,StreamGage,"8609931"
"0",2014-12-04,"02070010000222",,Medium,"0","0","USGS, Water Resources Division",,"01656500",http://waterdata.usgs.gov/nwis/nwisman/?site_no=01656500,12.78256,0.00000000000,StreamGage,"22339137"
"0",2014-12-04,"02080106000212",,Medium,"0","0","USGS, Water Resources Division",,"01670400",http://waterdata.usgs.gov/nwis/nwisman/?site_no=01670400,93.70775,0.00000000000,StreamGage,"8501768"
"0",2014-12-04,"02080205000432",,Medium,"0","0","USGS, Water Resources Division",,"02034500",http://waterdata.usgs.gov/nwis/nwisman/?site_no=02034500,82.93928,0.00000000000,StreamGage,"8575713"
"0",2014-12-04,"02080107000160",,Medium,"0","0","USGS, Water Resources Division",,"01677000",http://waterdata.usgs.gov/nwis/nwisman/?site_no=01677000,93.11199,0.00000000000,StreamGage,"9896768"
"0",2014-12-04,"02080201000187",,Medium,"0","0","USGS, Water Resources Division",,"02012500",http://waterdata.usgs.gov/nwis/nwisman/?site_no=02012500,31.63437,0.00000000000,StreamGage,"8521755"
"0",2014-12-04,"02080204000124",,Medium,"0","0","USGS, Water Resources Division",,"02031000",http://waterdata.usgs.gov/nwis/nwisman/?site_no=02031000,76.62154,0.00000000000,StreamGage,"8566737"
"0",2014-12-04,"02080106001890",,Medium,"0","0","USGS, Water Resources Division",,"01670180",http://waterdata.usgs.gov/nwis/nwisman/?site_no=01670180,45.31505,0.00000000000,StreamGage,"8501408"
"0",2014-12-04,"02070008000213",,Medium,"0","0","USGS, Water Resources Division",,"01643700",http://waterdata.usgs.gov/nwis/nwisman/?site_no=01643700,30.31062,0.00000000000,StreamGage,"4508450"
"0",2014-12-04,"02070008000278",,Medium,"0","0","USGS, Water Resources Division",,"01646000",http://waterdata.usgs.gov/nwis/nwisman/?site_no=01646000,91.88816,0.00000000000,StreamGage,"4509202"
"0",2014-12-04,"02070008000166",,Medium,"0","0","USGS, Water Resources Division",,"01644000",http://waterdata.usgs.gov/nwis/nwisman/?site_no=01644000,5.98860,0.00000000000,StreamGage,"4507266"
"0",2014-12-04,"02070007000139",,Medium,"0","0","USGS, Water Resources Division",,"01636316",http://waterdata.usgs.gov/nwis/nwisman/?site_no=01636316,29.11902,0.00000000000,StreamGage,"8445436"
"0",2014-12-04,"02070008001382",,Medium,"0","0","USGS, Water Resources Division",,"01636690",http://waterdata.usgs.gov/nwis/nwisman/?site_no=01636690,49.94694,0.00000000000,StreamGage,"4505510"
"0",2014-12-04,"02070008000191",,Medium,"0","0","USGS, Water Resources Division",,"01643880",http://waterdata.usgs.gov/nwis/nwisman/?site_no=01643880,97.86851,0.00000000000,StreamGage,"4506770"
"0",2014-12-04,"02070006000014",,Medium,"0","0","USGS, Water Resources Division",,"01634500",http://waterdata.usgs.gov/nwis/nwisman/?site_no=01634500,16.61157,0.00000000000,StreamGage,"8440459"
"0",2014-12-04,"02070008000248",,Medium,"0","0","USGS, Water Resources Division",,"01644280",http://waterdata.usgs.gov/nwis/nwisman/?site_no=01644280,5.18774,0.00000000000,StreamGage,"4506736"
"0",2014-12-04,"02070008000178",,Medium,"0","0","USGS, Water Resources Division",,"01643805",http://waterdata.usgs.gov/nwis/nwisman/?site_no=01643805,65.86900,0.00000000000,StreamGage,"4506604"
"0",2014-12-04,"02070006000035",,Medium,"0","0","USGS, Water Resources Division",,"01634000",http://waterdata.usgs.gov/nwis/nwisman/?site_no=01634000,55.66117,0.00000000000,StreamGage,"8441253"
"0",2014-12-04,"02070008000127",,Medium,"0","0","USGS, Water Resources Division",,"01638480",http://waterdata.usgs.gov/nwis/nwisman/?site_no=01638480,88.14438,0.00000000000,StreamGage,"4505612"
"0",2014-12-04,"02070006000005",,Medium,"0","0","USGS, Water Resources Division",,"01635090",http://waterdata.usgs.gov/nwis/nwisman/?site_no=01635090,39.87736,0.00000000000,StreamGage,"8440399"
"0",2014-12-04,"02070008000701",,Medium,"0","0","USGS, Water Resources Division",,"01644100",http://waterdata.usgs.gov/nwis/nwisman/?site_no=01644100,9.21422,0.00000000000,StreamGage,"4506600"
"0",2014-12-04,"02070004000492",,Medium,"0","0","USGS, Water Resources Division",,"01614830",http://waterdata.usgs.gov/nwis/nwisman/?site_no=01614830,2.41386,0.00000000000,StreamGage,"5896068"
"0",2014-12-04,"02080111015237",,Medium,"0","0","USGS, Water Resources Division",,"01484800",http://waterdata.usgs.gov/nwis/nwisman/?site_no=01484800,61.88744,0.00000000000,StreamGage,"10231989"
"0",2014-12-04,"03010101000635",,Medium,"0","0","USGS, Water Resources Division",,"02058000",http://waterdata.usgs.gov/nwis/nwisman/?site_no=02058000,99.10154,0.00000000000,StreamGage,"8631585"
"0",2014-12-04,"03010103000134",,Medium,"0","0","USGS, Water Resources Division",,"02073500",http://waterdata.usgs.gov/nwis/nwisman/?site_no=02073500,18.52936,0.00000000000,StreamGage,"8672507"
"0",2014-12-04,"03010103000219",,Medium,"0","0","USGS, Water Resources Division",,"02072500",http://waterdata.usgs.gov/nwis/nwisman/?site_no=02072500,63.17521,0.00000000000,StreamGage,"8674473"
"0",2014-12-04,"03010103000234",,Medium,"0","0","USGS, Water Resources Division",,"02072000",http://waterdata.usgs.gov/nwis/nwisman/?site_no=02072000,99.70320,0.00000000000,StreamGage,"8675421"
"0",2014-12-04,"03010101000307",,Medium,"0","0","USGS, Water Resources Division",,"02054510",http://waterdata.usgs.gov/nwis/nwisman/?site_no=02054510,98.96332,0.00000000000,StreamGage,"8629267"
"0",2014-12-04,"03010101000313",,Medium,"0","0","USGS, Water Resources Division",,"02054500",http://waterdata.usgs.gov/nwis/nwisman/?site_no=02054500,7.69064,0.00000000000,StreamGage,"8629291"
"0",2014-12-04,"03010101000366",,Medium,"0","0","USGS, Water Resources Division",,"02053800",http://waterdata.usgs.gov/nwis/nwisman/?site_no=02053800,98.50935,0.00000000000,StreamGage,"8629303"
"0",2014-12-04,"03010101000271",,Medium,"0","0","USGS, Water Resources Division",,"02055000",http://waterdata.usgs.gov/nwis/nwisman/?site_no=02055000,61.25061,0.00000000000,StreamGage,"8627261"
"0",2014-12-04,"03010101000262",,Medium,"0","0","USGS, Water Resources Division",,"02055100",http://waterdata.usgs.gov/nwis/nwisman/?site_no=02055100,81.73805,0.00000000000,StreamGage,"8627131"
"0",2014-12-04,"03010103000175",,Medium,"0","0","USGS, Water Resources Division",,"02073000",http://waterdata.usgs.gov/nwis/nwisman/?site_no=02073000,69.60021,0.00000000000,StreamGage,"8673523"
"0",2014-12-04,"03010101000304",,Medium,"0","0","USGS, Water Resources Division",,"02054530",http://waterdata.usgs.gov/nwis/nwisman/?site_no=02054530,48.44720,0.00000000000,StreamGage,"8628333"
"0",2014-12-04,"03010103000398",,Medium,"0","0","USGS, Water Resources Division",,"02069700",http://waterdata.usgs.gov/nwis/nwisman/?site_no=02069700,72.01841,0.00000000000,StreamGage,"8675163"
"0",2014-12-04,"03010102000299",,Medium,"0","0","USGS, Water Resources Division",,"02063500",http://waterdata.usgs.gov/nwis/nwisman/?site_no=02063500,3.86040,0.00000000000,StreamGage,"8648780"
"0",2014-12-04,"03010103000264",,Medium,"0","0","USGS, Water Resources Division",,"02071530",http://waterdata.usgs.gov/nwis/nwisman/?site_no=02071530,39.66776,0.00000000000,StreamGage,"8675427"
"0",2014-12-04,"03010103000347",,Medium,"0","0","USGS, Water Resources Division",,"02070000",http://waterdata.usgs.gov/nwis/nwisman/?site_no=02070000,28.80356,0.00000000000,StreamGage,"8673051"
"0",2014-12-04,"03010201000384",,Medium,"0","0","USGS, Water Resources Division",,"02044000",http://waterdata.usgs.gov/nwis/nwisman/?site_no=02044000,41.67134,0.00000000000,StreamGage,"8720393"
"0",2014-12-04,"03010101000411",,Medium,"0","0","USGS, Water Resources Division",,"02056650",http://waterdata.usgs.gov/nwis/nwisman/?site_no=02056650,37.97226,0.00000000000,StreamGage,"8625313"
"0",2014-12-04,"03010102000281",,Medium,"0","0","USGS, Water Resources Division",,"02064000",http://waterdata.usgs.gov/nwis/nwisman/?site_no=02064000,97.50344,0.00000000000,StreamGage,"8647998"
"0",2014-12-04,"03010101000168",,Medium,"0","0","USGS, Water Resources Division",,"02059500",http://waterdata.usgs.gov/nwis/nwisman/?site_no=02059500,61.17311,0.00000000000,StreamGage,"8627301"
"0",2014-12-04,"03010102000353",,Medium,"0","0","USGS, Water Resources Division",,"02062500",http://waterdata.usgs.gov/nwis/nwisman/?site_no=02062500,45.23993,0.00000000000,StreamGage,"8648984"
"0",2014-12-04,"03010101000143",,Medium,"0","0","USGS, Water Resources Division",,"02060500",http://waterdata.usgs.gov/nwis/nwisman/?site_no=02060500,59.69038,0.00000000000,StreamGage,"8626299"
"0",2014-12-04,"03010101000531",,Medium,"0","0","USGS, Water Resources Division",,"02058500",http://waterdata.usgs.gov/nwis/nwisman/?site_no=02058500,62.61676,0.00000000000,StreamGage,"8632137"
"0",2014-12-04,"03010204000207",,Medium,"0","0","USGS, Water Resources Division",,"02051000",http://waterdata.usgs.gov/nwis/nwisman/?site_no=02051000,14.25356,0.00000000000,StreamGage,"8744593"
"0",2014-12-04,"03010103000235",,Medium,"0","0","USGS, Water Resources Division",,"02071900",http://waterdata.usgs.gov/nwis/nwisman/?site_no=02071900,95.46475,0.00000000000,StreamGage,"8674429"
"0",2014-12-04,"03010201000182",,Medium,"0","0","USGS, Water Resources Division",,"02046000",http://waterdata.usgs.gov/nwis/nwisman/?site_no=02046000,93.60329,0.00000000000,StreamGage,"8719481"
"0",2014-12-04,"03010102000091",,Medium,"0","0","USGS, Water Resources Division",,"02066500",http://waterdata.usgs.gov/nwis/nwisman/?site_no=02066500,35.81657,0.00000000000,StreamGage,"8652742"
"0",2014-12-04,"03010102001469",,Medium,"0","0","USGS, Water Resources Division",,"02063000",http://waterdata.usgs.gov/nwis/nwisman/?site_no=02063000,72.65132,0.00000000000,StreamGage,"8647266"
"0",2014-12-04,"03010101000182",,Medium,"0","0","USGS, Water Resources Division",,"02059485",http://waterdata.usgs.gov/nwis/nwisman/?site_no=02059485,94.55142,0.00000000000,StreamGage,"8625037"
"0",2014-12-04,"03010204000219",,Medium,"0","0","USGS, Water Resources Division",,"02050500",http://waterdata.usgs.gov/nwis/nwisman/?site_no=02050500,10.44228,0.00000000000,StreamGage,"8738171"
"0",2014-12-04,"03010101000486",,Medium,"0","0","USGS, Water Resources Division",,"02056900",http://waterdata.usgs.gov/nwis/nwisman/?site_no=02056900,39.18163,0.00000000000,StreamGage,"8626863"
"0",2014-12-04,"03010201000412",,Medium,"0","0","USGS, Water Resources Division",,"02045200",http://waterdata.usgs.gov/nwis/nwisman/?site_no=02045200,77.77018,0.00000000000,StreamGage,"8725729"
"0",2014-12-04,"03010101000536",,Medium,"0","0","USGS, Water Resources Division",,"02058400",http://waterdata.usgs.gov/nwis/nwisman/?site_no=02058400,90.07148,0.00000000000,StreamGage,"8632147"
"0",2014-12-04,"03010105000097",,Medium,"0","0","USGS, Water Resources Division",,"02076500",http://waterdata.usgs.gov/nwis/nwisman/?site_no=02076500,86.46770,0.00000000000,StreamGage,"8711635"
"0",2014-12-04,"03010102000259",,Medium,"0","0","USGS, Water Resources Division",,"02065000",http://waterdata.usgs.gov/nwis/nwisman/?site_no=02065000,99.53110,0.00000000000,StreamGage,"8648314"
"0",2014-12-04,"03010201000301",,Medium,"0","0","USGS, Water Resources Division",,"02044500",http://waterdata.usgs.gov/nwis/nwisman/?site_no=02044500,8.56213,0.00000000000,StreamGage,"8725649"
"0",2014-12-04,"03010201000291",,Medium,"0","0","USGS, Water Resources Division",,"02045000",http://waterdata.usgs.gov/nwis/nwisman/?site_no=02045000,77.46604,0.00000000000,StreamGage,"8724015"
"0",2014-12-04,"03010102002278",,Medium,"0","0","USGS, Water Resources Division",,"02065200",http://waterdata.usgs.gov/nwis/nwisman/?site_no=02065200,18.43329,0.00000000000,StreamGage,"8652738"
"0",2014-12-04,"03010101011271",,Medium,"0","0","USGS, Water Resources Division",,"02057500",http://waterdata.usgs.gov/nwis/nwisman/?site_no=02057500,13.08185,0.00000000000,StreamGage,"8627787"
"0",2014-12-04,"03010101011226",,Medium,"0","0","USGS, Water Resources Division",,"02057000",http://waterdata.usgs.gov/nwis/nwisman/?site_no=02057000,74.64868,0.00000000000,StreamGage,"8627879"
"0",2014-12-04,"03010101011225",,Medium,"0","0","USGS, Water Resources Division",,"02059000",http://waterdata.usgs.gov/nwis/nwisman/?site_no=02059000,16.18454,0.00000000000,StreamGage,"8627881"
"0",2014-12-04,"03010101000078",,Medium,"0","0","USGS, Water Resources Division",,"02061000",http://waterdata.usgs.gov/nwis/nwisman/?site_no=02061000,67.92936,0.00000000000,StreamGage,"8624161"
"0",2014-12-04,"03010102000186",,Medium,"0","0","USGS, Water Resources Division",,"02065500",http://waterdata.usgs.gov/nwis/nwisman/?site_no=02065500,2.80190,0.00000000000,StreamGage,"8648830"
"0",2014-12-04,"03010101000009",,Medium,"0","0","USGS, Water Resources Division",,"02062000",http://waterdata.usgs.gov/nwis/nwisman/?site_no=02062000,35.11587,0.00000000000,StreamGage,"8625563"
"0",2014-12-04,"03010102000264",,Medium,"0","0","USGS, Water Resources Division",,"02064500",http://waterdata.usgs.gov/nwis/nwisman/?site_no=02064500,97.23519,0.00000000000,StreamGage,"8647904"
"0",2014-12-04,"03010202000060",,Medium,"0","0","USGS, Water Resources Division",,"02047500",http://waterdata.usgs.gov/nwis/nwisman/?site_no=02047500,97.40838,0.00000000000,StreamGage,"11582436"
"0",2014-12-04,"03010101000034",,Medium,"0","0","USGS, Water Resources Division",,"02061500",http://waterdata.usgs.gov/nwis/nwisman/?site_no=02061500,31.17542,0.00000000000,StreamGage,"8627291"
"0",2014-12-04,"03010101011788",,Medium,"0","0","USGS, Water Resources Division",,"02056000",http://waterdata.usgs.gov/nwis/nwisman/?site_no=02056000,91.75016,0.00000000000,StreamGage,"8627467"
"0",2014-12-04,"03010201000261",,Medium,"0","0","USGS, Water Resources Division",,"02045500",http://waterdata.usgs.gov/nwis/nwisman/?site_no=02045500,74.72293,0.00000000000,StreamGage,"8725761"
"0",2014-12-04,"03010102003221",,Medium,"0","0","USGS, Water Resources Division",,"02079490",http://waterdata.usgs.gov/nwis/nwisman/?site_no=02079490,1.09261,0.00000000000,StreamGage,"8653306"
"0",2014-12-04,"03010102000485",,Medium,"0","0","USGS, Water Resources Division",,"02079241",http://waterdata.usgs.gov/nwis/nwisman/?site_no=02079241,72.55539,0.00000000000,StreamGage,"8653644"
"0",2014-12-04,"03010204000068",,Medium,"0","0","USGS, Water Resources Division",,"02051600",http://waterdata.usgs.gov/nwis/nwisman/?site_no=02051600,50.67767,0.00000000000,StreamGage,"8742211"
"0",2014-12-04,"03010106000056",,Medium,"0","0","USGS, Water Resources Division",,"02079640",http://waterdata.usgs.gov/nwis/nwisman/?site_no=02079640,41.88473,0.00000000000,StreamGage,"12049196"
"0",2014-12-04,"03010201000043",,Medium,"0","0","USGS, Water Resources Division",,"02047000",http://waterdata.usgs.gov/nwis/nwisman/?site_no=02047000,35.16078,0.00000000000,StreamGage,"8725915"
"0",2014-12-04,"03010205000187",,Medium,"0","0","USGS, Water Resources Division",,"02043200",http://waterdata.usgs.gov/nwis/nwisman/?site_no=02043200,45.92114,0.00000000000,StreamGage,"10470167"
"0",2014-12-04,"03010104000114",,Medium,"0","0","USGS, Water Resources Division",,"02075045",http://waterdata.usgs.gov/nwis/nwisman/?site_no=02075045,84.09263,0.00000000000,StreamGage,"8696453"
"0",2014-12-04,"03010205007634",,Medium,"0","0","USGS, Water Resources Division",,"02043210",http://waterdata.usgs.gov/nwis/nwisman/?site_no=02043210,83.42887,0.00000000000,StreamGage,"10476697"
"0",2014-12-04,"03010204000283",,Medium,"0","0","USGS, Water Resources Division",,"02052500",http://waterdata.usgs.gov/nwis/nwisman/?site_no=02052500,54.07311,0.00000000000,StreamGage,"8742381"
"0",2014-12-04,"03010104001481",,Medium,"0","0","USGS, Water Resources Division",,"02076000",http://waterdata.usgs.gov/nwis/nwisman/?site_no=02076000,92.13608,0.00000000000,StreamGage,"8693827"
"0",2014-12-04,"03010205003402",,Medium,"0","0","USGS, Water Resources Division",,"02043550",http://waterdata.usgs.gov/nwis/nwisman/?site_no=02043550,95.16977,0.00000000000,StreamGage,"10475831"
"0",2014-12-04,"03010103000026",,Medium,"0","0","USGS, Water Resources Division",,"02074500",http://waterdata.usgs.gov/nwis/nwisman/?site_no=02074500,77.58244,0.00000000000,StreamGage,"8673535"
"0",2014-12-04,"03010202000027",,Medium,"0","0","USGS, Water Resources Division",,"02049000",http://waterdata.usgs.gov/nwis/nwisman/?site_no=02049000,9.21519,0.00000000000,StreamGage,"11584664"
"0",2014-12-04,"03010104000244",,Medium,"0","0","USGS, Water Resources Division",,"02078000",http://waterdata.usgs.gov/nwis/nwisman/?site_no=02078000,91.40008,0.00000000000,StreamGage,"8693107"
"0",2014-12-04,"03010201000018",,Medium,"0","0","USGS, Water Resources Division",,"02047100",http://waterdata.usgs.gov/nwis/nwisman/?site_no=02047100,19.86889,0.00000000000,StreamGage,"8725907"
"0",2014-12-04,"03010102000167",,Medium,"0","0","USGS, Water Resources Division",,"02066000",http://waterdata.usgs.gov/nwis/nwisman/?site_no=02066000,27.65404,0.00000000000,StreamGage,"8653008"
"0",2014-12-04,"03010104000257",,Medium,"0","0","USGS, Water Resources Division",,"02077500",http://waterdata.usgs.gov/nwis/nwisman/?site_no=02077500,64.25333,0.00000000000,StreamGage,"8693739"
"0",2014-12-04,"03010102000064",,Medium,"0","0","USGS, Water Resources Division",,"02067000",http://waterdata.usgs.gov/nwis/nwisman/?site_no=02067000,79.37871,0.00000000000,StreamGage,"8653074"
"0",2014-12-04,"03010204000089",,Medium,"0","0","USGS, Water Resources Division",,"02051500",http://waterdata.usgs.gov/nwis/nwisman/?site_no=02051500,89.26343,0.00000000000,StreamGage,"8741021"
"0",2014-12-04,"03010204000273",,Medium,"0","0","USGS, Water Resources Division",,"02053000",http://waterdata.usgs.gov/nwis/nwisman/?site_no=02053000,85.71126,0.00000000000,StreamGage,"8742351"
"0",2014-12-04,"03010201000527",,Medium,"0","0","USGS, Water Resources Division",,"02046500",http://waterdata.usgs.gov/nwis/nwisman/?site_no=02046500,83.87395,0.00000000000,StreamGage,"8725751"
"0",2014-12-04,"03010205007415",,Medium,"0","0","USGS, Water Resources Division",,"02043500",http://waterdata.usgs.gov/nwis/nwisman/?site_no=02043500,62.08935,0.00000000000,StreamGage,"10476551"
"0",2014-12-04,"03010202000032",,Medium,"0","0","USGS, Water Resources Division",,"02048000",http://waterdata.usgs.gov/nwis/nwisman/?site_no=02048000,6.33709,0.00000000000,StreamGage,"11585592"
"0",2014-12-04,"03010106000622",,Medium,"0","0","USGS, Water Resources Division",,"02079500",http://waterdata.usgs.gov/nwis/nwisman/?site_no=02079500,79.36213,0.00000000000,StreamGage,"12049360"
"0",2014-12-04,"03010205003466",,Medium,"0","0","USGS, Water Resources Division",,"02043600",http://waterdata.usgs.gov/nwis/nwisman/?site_no=02043600,57.84395,0.00000000000,StreamGage,"10475887"
"0",2014-12-04,"03010104000048",,Medium,"0","0","USGS, Water Resources Division",,"02075500",http://waterdata.usgs.gov/nwis/nwisman/?site_no=02075500,25.79635,0.00000000000,StreamGage,"8696811"
"0",2014-12-04,"03010102003204",,Medium,"0","0","USGS, Water Resources Division",,"02079000",http://waterdata.usgs.gov/nwis/nwisman/?site_no=02079000,85.85067,0.00000000000,StreamGage,"8653270"
"0",2014-12-04,"03010205007627",,Medium,"0","0","USGS, Water Resources Division",,"02043270",http://waterdata.usgs.gov/nwis/nwisman/?site_no=02043270,71.16120,0.00000000000,StreamGage,"10476657"
"0",2014-12-04,"03010202000157",,Medium,"0","0","USGS, Water Resources Division",,"02048500",http://waterdata.usgs.gov/nwis/nwisman/?site_no=02048500,95.39002,0.00000000000,StreamGage,"11585290"
"0",2014-12-04,"03010105000014",,Medium,"0","0","USGS, Water Resources Division",,"02077000",http://waterdata.usgs.gov/nwis/nwisman/?site_no=02077000,71.52088,0.00000000000,StreamGage,"8710783"
"0",2014-12-04,"03010202000024",,Medium,"0","0","USGS, Water Resources Division",,"02049500",http://waterdata.usgs.gov/nwis/nwisman/?site_no=02049500,6.93984,0.00000000000,StreamGage,"11585318"
"0",2014-12-04,"03010205007409",,Medium,"0","0","USGS, Water Resources Division",,"02043120",http://waterdata.usgs.gov/nwis/nwisman/?site_no=02043120,2.63885,0.00000000000,StreamGage,"10476435"
"0",2014-12-04,"03010205007679",,Medium,"0","0","USGS, Water Resources Division",,"02043190",http://waterdata.usgs.gov/nwis/nwisman/?site_no=02043190,87.63389,0.00000000000,StreamGage,"10476853"
"0",2014-12-04,"03010104000134",,Medium,"0","0","USGS, Water Resources Division",,"02075000",http://waterdata.usgs.gov/nwis/nwisman/?site_no=02075000,8.43730,0.00000000000,StreamGage,"8696395"
"0",2014-12-04,"03010204000035",,Medium,"0","0","USGS, Water Resources Division",,"02052000",http://waterdata.usgs.gov/nwis/nwisman/?site_no=02052000,55.69009,0.00000000000,StreamGage,"8742283"
"0",2014-12-04,"05050001000047",,Medium,"0","0","USGS, Water Resources Division",,"03168500",http://waterdata.usgs.gov/nwis/nwisman/?site_no=03168500,46.60012,0.00000000000,StreamGage,"6884142"
"0",2014-12-04,"05050001000906",,Medium,"0","0","USGS, Water Resources Division",,"03166800",http://waterdata.usgs.gov/nwis/nwisman/?site_no=03166800,15.52724,0.00000000000,StreamGage,"6885562"
"0",2014-12-04,"05050002000371",,Medium,"0","0","USGS, Water Resources Division",,"03176400",http://waterdata.usgs.gov/nwis/nwisman/?site_no=03176400,98.84036,0.00000000000,StreamGage,"6908579"
"0",2014-12-04,"05070202000906",,Medium,"0","0","USGS, Water Resources Division",,"032080352",http://waterdata.usgs.gov/nwis/nwisman/?site_no=032080352,51.55213,0.00000000000,StreamGage,"1088583"
"0",2014-12-04,"05050001000609",,Medium,"0","0","USGS, Water Resources Division",,"03170500",http://waterdata.usgs.gov/nwis/nwisman/?site_no=03170500,18.59049,0.00000000000,StreamGage,"6897832"
"0",2014-12-04,"05050001000067",,Medium,"0","0","USGS, Water Resources Division",,"03168000",http://waterdata.usgs.gov/nwis/nwisman/?site_no=03168000,64.76024,0.00000000000,StreamGage,"6887202"
"0",2014-12-04,"05050002000334",,Medium,"0","0","USGS, Water Resources Division",,"03171500",http://waterdata.usgs.gov/nwis/nwisman/?site_no=03171500,84.25169,0.00000000000,StreamGage,"6908749"
"0",2014-12-04,"05050002000091",,Medium,"0","0","USGS, Water Resources Division",,"03177700",http://waterdata.usgs.gov/nwis/nwisman/?site_no=03177700,37.77785,0.00000000000,StreamGage,"6910341"
"0",2014-12-04,"05070202000906",,Medium,"0","0","USGS, Water Resources Division",,"03208036",http://waterdata.usgs.gov/nwis/nwisman/?site_no=03208036,1.40869,0.00000000000,StreamGage,"1088583"
"0",2014-12-04,"05070202000459",,Medium,"0","0","USGS, Water Resources Division",,"03208037",http://waterdata.usgs.gov/nwis/nwisman/?site_no=03208037,92.94780,0.00000000000,StreamGage,"1088527"
"0",2014-12-04,"05050001000137",,Medium,"0","0","USGS, Water Resources Division",,"03166000",http://waterdata.usgs.gov/nwis/nwisman/?site_no=03166000,96.55031,0.00000000000,StreamGage,"6885990"
"0",2014-12-04,"05070202000908",,Medium,"0","0","USGS, Water Resources Division",,"03208034",http://waterdata.usgs.gov/nwis/nwisman/?site_no=03208034,2.38231,0.00000000000,StreamGage,"1088515"
"0",2014-12-04,"05050002000562",,Medium,"0","0","USGS, Water Resources Division",,"03175140",http://waterdata.usgs.gov/nwis/nwisman/?site_no=03175140,95.46065,0.00000000000,StreamGage,"6909733"
"0",2014-12-04,"05050001000074",,Medium,"0","0","USGS, Water Resources Division",,"03167000",http://waterdata.usgs.gov/nwis/nwisman/?site_no=03167000,37.11827,0.00000000000,StreamGage,"6885460"
"0",2014-12-04,"05050001000231",,Medium,"0","0","USGS, Water Resources Division",,"03163000",http://waterdata.usgs.gov/nwis/nwisman/?site_no=03163000,25.27126,0.00000000000,StreamGage,"6890408"
"0",2014-12-04,"05050001000536",,Medium,"0","0","USGS, Water Resources Division",,"03167500",http://waterdata.usgs.gov/nwis/nwisman/?site_no=03167500,56.02162,0.00000000000,StreamGage,"6885796"
"0",2014-12-04,"05070202000238",,Medium,"0","0","USGS, Water Resources Division",,"03208500",http://waterdata.usgs.gov/nwis/nwisman/?site_no=03208500,94.28435,0.00000000000,StreamGage,"1087803"
"0",2014-12-04,"05050001000615",,Medium,"0","0","USGS, Water Resources Division",,"03170000",http://waterdata.usgs.gov/nwis/nwisman/?site_no=03170000,24.53248,0.00000000000,StreamGage,"6884590"
"0",2014-12-04,"05050001002694",,Medium,"0","0","USGS, Water Resources Division",,"03164000",http://waterdata.usgs.gov/nwis/nwisman/?site_no=03164000,97.92526,0.00000000000,StreamGage,"6887572"
"0",2014-12-04,"05070202000458",,Medium,"0","0","USGS, Water Resources Division",,"03208040",http://waterdata.usgs.gov/nwis/nwisman/?site_no=03208040,74.83946,0.00000000000,StreamGage,"1088523"
"0",2014-12-04,"05050001002768",,Medium,"0","0","USGS, Water Resources Division",,"03164500",http://waterdata.usgs.gov/nwis/nwisman/?site_no=03164500,0.51990,0.00000000000,StreamGage,"6887480"
"0",2014-12-04,"05050001000484",,Medium,"0","0","USGS, Water Resources Division",,"03165000",http://waterdata.usgs.gov/nwis/nwisman/?site_no=03165000,76.66508,0.00000000000,StreamGage,"6886804"
"0",2014-12-04,"05050001002765",,Medium,"0","0","USGS, Water Resources Division",,"03165500",http://waterdata.usgs.gov/nwis/nwisman/?site_no=03165500,8.41282,0.00000000000,StreamGage,"6887364"
"0",2014-12-04,"05050001000627",,Medium,"0","0","USGS, Water Resources Division",,"03169500",http://waterdata.usgs.gov/nwis/nwisman/?site_no=03169500,19.94680,0.00000000000,StreamGage,"6885046"
"0",2014-12-04,"05050002000371",,Medium,"0","0","USGS, Water Resources Division",,"03177000",http://waterdata.usgs.gov/nwis/nwisman/?site_no=03177000,97.43819,0.00000000000,StreamGage,"6908579"
"0",2014-12-04,"05070202000272",,Medium,"0","0","USGS, Water Resources Division",,"03208100",http://waterdata.usgs.gov/nwis/nwisman/?site_no=03208100,3.34654,0.00000000000,StreamGage,"1089017"
"0",2014-12-04,"05050002000229",,Medium,"0","0","USGS, Water Resources Division",,"03172500",http://waterdata.usgs.gov/nwis/nwisman/?site_no=03172500,87.08742,0.00000000000,StreamGage,"6908607"
"0",2014-12-04,"05050002000184",,Medium,"0","0","USGS, Water Resources Division",,"03175500",http://waterdata.usgs.gov/nwis/nwisman/?site_no=03175500,26.41516,0.00000000000,StreamGage,"6908591"
"0",2014-12-04,"05070202000139",,Medium,"0","0","USGS, Water Resources Division",,"03208700",http://waterdata.usgs.gov/nwis/nwisman/?site_no=03208700,88.87652,0.00000000000,StreamGage,"1088239"
"0",2014-12-04,"05070202000129",,Medium,"0","0","USGS, Water Resources Division",,"03208900",http://waterdata.usgs.gov/nwis/nwisman/?site_no=03208900,0.82575,0.00000000000,StreamGage,"1088033"
"0",2014-12-04,"05070202005643",,Medium,"0","0","USGS, Water Resources Division",,"03208680",http://waterdata.usgs.gov/nwis/nwisman/?site_no=03208680,16.42512,0.00000000000,StreamGage,"1089209"
"0",2014-12-04,"05070202000322",,Medium,"0","0","USGS, Water Resources Division",,"03207800",http://waterdata.usgs.gov/nwis/nwisman/?site_no=03207800,73.43747,0.00000000000,StreamGage,"1087021"
"0",2014-12-04,"05070202000136",,Medium,"0","0","USGS, Water Resources Division",,"03208850",http://waterdata.usgs.gov/nwis/nwisman/?site_no=03208850,69.28773,0.00000000000,StreamGage,"1088257"
"0",2014-12-04,"05070202005547",,Medium,"0","0","USGS, Water Resources Division",,"03208990",http://waterdata.usgs.gov/nwis/nwisman/?site_no=03208990,79.66598,0.00000000000,StreamGage,"1089143"
"0",2014-12-04,"05070201000176",,Medium,"0","0","USGS, Water Resources Division",,"03213590",http://waterdata.usgs.gov/nwis/nwisman/?site_no=03213590,88.96881,0.00000000000,StreamGage,"437464"
"0",2014-12-04,"05070202000118",,Medium,"0","0","USGS, Water Resources Division",,"03209000",http://waterdata.usgs.gov/nwis/nwisman/?site_no=03209000,74.22834,0.00000000000,StreamGage,"1087671"
"0",2014-12-04,"05070202000909",,Medium,"0","0","USGS, Water Resources Division",,"03208033",http://waterdata.usgs.gov/nwis/nwisman/?site_no=03208033,6.97204,0.00000000000,StreamGage,"1088381"
"0",2014-12-04,"05070202000456",,Medium,"0","0","USGS, Water Resources Division",,"03208041",http://waterdata.usgs.gov/nwis/nwisman/?site_no=03208041,71.28909,0.00000000000,StreamGage,"1088481"
"0",2014-12-04,"05070202000192",,Medium,"0","0","USGS, Water Resources Division",,"03209200",http://waterdata.usgs.gov/nwis/nwisman/?site_no=03209200,54.85904,0.00000000000,StreamGage,"1087623"
"0",2014-12-04,"05070202001353",,Medium,"0","0","USGS, Water Resources Division",,"03207500",http://waterdata.usgs.gov/nwis/nwisman/?site_no=03207500,1.53282,0.00000000000,StreamGage,"1087469"
"0",2014-12-04,"05050002001197",,Medium,"0","0","USGS, Water Resources Division",,"03175100",http://waterdata.usgs.gov/nwis/nwisman/?site_no=03175100,46.53192,0.00000000000,StreamGage,"6909923"
"0",2014-12-04,"05050002000090",,Medium,"0","0","USGS, Water Resources Division",,"03177710",http://waterdata.usgs.gov/nwis/nwisman/?site_no=03177710,16.57548,0.00000000000,StreamGage,"6909539"
"0",2014-12-04,"05050002000562",,Medium,"0","0","USGS, Water Resources Division",,"03175000",http://waterdata.usgs.gov/nwis/nwisman/?site_no=03175000,97.76091,0.00000000000,StreamGage,"6909733"
"0",2014-12-04,"05070202000160",,Medium,"0","0","USGS, Water Resources Division",,"03208950",http://waterdata.usgs.gov/nwis/nwisman/?site_no=03208950,90.74403,0.00000000000,StreamGage,"1089041"
"0",2014-12-04,"05050002000176",,Medium,"0","0","USGS, Water Resources Division",,"03176500",http://waterdata.usgs.gov/nwis/nwisman/?site_no=03176500,12.58518,0.00000000000,StreamGage,"6908699"
"0",2014-12-04,"05050002000227",,Medium,"0","0","USGS, Water Resources Division",,"03173000",http://waterdata.usgs.gov/nwis/nwisman/?site_no=03173000,72.04430,0.00000000000,StreamGage,"6908597"
"0",2014-12-04,"05050001000033",,Medium,"0","0","USGS, Water Resources Division",,"03171000",http://waterdata.usgs.gov/nwis/nwisman/?site_no=03171000,7.51382,0.00000000000,StreamGage,"6884666"
"0",2014-12-04,"05070202000138",,Medium,"0","0","USGS, Water Resources Division",,"03208800",http://waterdata.usgs.gov/nwis/nwisman/?site_no=03208800,70.36636,0.00000000000,StreamGage,"1088261"
"0",2014-12-04,"05070202000908",,Medium,"0","0","USGS, Water Resources Division",,"03208032",http://waterdata.usgs.gov/nwis/nwisman/?site_no=03208032,99.54752,0.00000000000,StreamGage,"1088515"
"0",2014-12-04,"06010101000032",,Medium,"0","0","USGS, Water Resources Division",,"03489850",http://waterdata.usgs.gov/nwis/nwisman/?site_no=03489850,26.10306,0.00000000000,StreamGage,"19762764"
"0",2014-12-04,"06010101000011",,Medium,"0","0","USGS, Water Resources Division",,"03490000",http://waterdata.usgs.gov/nwis/nwisman/?site_no=03490000,26.41489,0.00000000000,StreamGage,"19763234"
"0",2014-12-04,"06010101000206",,Medium,"0","0","USGS, Water Resources Division",,"03488450",http://waterdata.usgs.gov/nwis/nwisman/?site_no=03488450,28.67775,0.00000000000,StreamGage,"19762218"
"0",2014-12-04,"06010205000060",,Medium,"0","0","USGS, Water Resources Division",,"03526000",http://waterdata.usgs.gov/nwis/nwisman/?site_no=03526000,16.58015,0.00000000000,StreamGage,"14639861"
"0",2014-12-04,"06010102000181",,Medium,"0","0","USGS, Water Resources Division",,"03474500",http://waterdata.usgs.gov/nwis/nwisman/?site_no=03474500,96.47460,0.00000000000,StreamGage,"19751081"
"0",2014-12-04,"06010102000035",,Medium,"0","0","USGS, Water Resources Division",,"03472500",http://waterdata.usgs.gov/nwis/nwisman/?site_no=03472500,58.29397,0.00000000000,StreamGage,"19751789"
"0",2014-12-04,"06010102000029",,Medium,"0","0","USGS, Water Resources Division",,"03473000",http://waterdata.usgs.gov/nwis/nwisman/?site_no=03473000,65.82467,0.00000000000,StreamGage,"19752425"
"0",2014-12-04,"06010206000121",,Medium,"0","0","USGS, Water Resources Division",,"03530500",http://waterdata.usgs.gov/nwis/nwisman/?site_no=03530500,61.98718,0.00000000000,StreamGage,"22540294"
"0",2014-12-04,"06010205000245",,Medium,"0","0","USGS, Water Resources Division",,"03524550",http://waterdata.usgs.gov/nwis/nwisman/?site_no=03524550,93.43165,0.00000000000,StreamGage,"14639199"
"0",2014-12-04,"06010205000326",,Medium,"0","0","USGS, Water Resources Division",,"03527500",http://waterdata.usgs.gov/nwis/nwisman/?site_no=03527500,22.03889,0.00000000000,StreamGage,"14639779"
"0",2014-12-04,"06010206000053",,Medium,"0","0","USGS, Water Resources Division",,"03531500",http://waterdata.usgs.gov/nwis/nwisman/?site_no=03531500,24.92213,0.00000000000,StreamGage,"22539818"
"0",2014-12-04,"06010102000263",,Medium,"0","0","USGS, Water Resources Division",,"03477500",http://waterdata.usgs.gov/nwis/nwisman/?site_no=03477500,41.22763,0.00000000000,StreamGage,"19752735"
"0",2014-12-04,"06010101000048",,Medium,"0","0","USGS, Water Resources Division",,"03489500",http://waterdata.usgs.gov/nwis/nwisman/?site_no=03489500,6.60091,0.00000000000,StreamGage,"19763202"
"0",2014-12-04,"06010205000104",,Medium,"0","0","USGS, Water Resources Division",,"03524000",http://waterdata.usgs.gov/nwis/nwisman/?site_no=03524000,46.54080,0.00000000000,StreamGage,"14640391"
"0",2014-12-04,"06010102000140",,Medium,"0","0","USGS, Water Resources Division",,"03471500",http://waterdata.usgs.gov/nwis/nwisman/?site_no=03471500,31.84586,0.00000000000,StreamGage,"19752335"
"0",2014-12-04,"06010205000282",,Medium,"0","0","USGS, Water Resources Division",,"03524900",http://waterdata.usgs.gov/nwis/nwisman/?site_no=03524900,90.85632,0.00000000000,StreamGage,"14639519"
"0",2014-12-04,"06010205000856",,Medium,"0","0","USGS, Water Resources Division",,"03525070",http://waterdata.usgs.gov/nwis/nwisman/?site_no=03525070,47.92741,0.00000000000,StreamGage,"14639615"
"0",2014-12-04,"06010205001897",,Medium,"0","0","USGS, Water Resources Division",,"03525000",http://waterdata.usgs.gov/nwis/nwisman/?site_no=03525000,30.42358,0.00000000000,StreamGage,"14639619"
"0",2014-12-04,"06010101000924",,Medium,"0","0","USGS, Water Resources Division",,"03488445",http://waterdata.usgs.gov/nwis/nwisman/?site_no=03488445,19.00063,0.00000000000,StreamGage,"19762102"
"0",2014-12-04,"06010205000048",,Medium,"0","0","USGS, Water Resources Division",,"03527000",http://waterdata.usgs.gov/nwis/nwisman/?site_no=03527000,93.70073,0.00000000000,StreamGage,"14640581"
"0",2014-12-04,"06010205000080",,Medium,"0","0","USGS, Water Resources Division",,"03525500",http://waterdata.usgs.gov/nwis/nwisman/?site_no=03525500,90.10027,0.00000000000,StreamGage,"14640565"
"0",2014-12-04,"06010101000216",,Medium,"0","0","USGS, Water Resources Division",,"03489900",http://waterdata.usgs.gov/nwis/nwisman/?site_no=03489900,72.48605,0.00000000000,StreamGage,"19762776"
"0",2014-12-04,"06010205000139",,Medium,"0","0","USGS, Water Resources Division",,"03522000",http://waterdata.usgs.gov/nwis/nwisman/?site_no=03522000,0.85866,0.00000000000,StreamGage,"14637837"
"0",2014-12-04,"06010102001279",,Medium,"0","0","USGS, Water Resources Division",,"03475000",http://waterdata.usgs.gov/nwis/nwisman/?site_no=03475000,1.93233,0.00000000000,StreamGage,"19752413"
"0",2014-12-04,"06010101000132",,Medium,"0","0","USGS, Water Resources Division",,"03488000",http://waterdata.usgs.gov/nwis/nwisman/?site_no=03488000,33.69227,0.00000000000,StreamGage,"19761976"
"0",2014-12-04,"06010205000175",,Medium,"0","0","USGS, Water Resources Division",,"03521000",http://waterdata.usgs.gov/nwis/nwisman/?site_no=03521000,88.19077,0.00000000000,StreamGage,"14637599"
"0",2014-12-04,"06010206000086",,Medium,"0","0","USGS, Water Resources Division",,"03529500",http://waterdata.usgs.gov/nwis/nwisman/?site_no=03529500,68.26625,0.00000000000,StreamGage,"22539070"
"0",2014-12-04,"06010206000074",,Medium,"0","0","USGS, Water Resources Division",,"03530000",http://waterdata.usgs.gov/nwis/nwisman/?site_no=03530000,46.05067,0.00000000000,StreamGage,"22539582"
"0",2014-12-04,"06010205000111",,Medium,"0","0","USGS, Water Resources Division",,"03523000",http://waterdata.usgs.gov/nwis/nwisman/?site_no=03523000,8.77956,0.00000000000,StreamGage,"14640267"
"0",2014-12-04,"06010101000074",,Medium,"0","0","USGS, Water Resources Division",,"03488500",http://waterdata.usgs.gov/nwis/nwisman/?site_no=03488500,90.70321,0.00000000000,StreamGage,"19762296"
"0",2014-12-04,"06010101000166",,Medium,"0","0","USGS, Water Resources Division",,"03487800",http://waterdata.usgs.gov/nwis/nwisman/?site_no=03487800,10.53889,0.00000000000,StreamGage,"19761230"
"0",2014-12-04,"06010206000057",,Medium,"0","0","USGS, Water Resources Division",,"03531000",http://waterdata.usgs.gov/nwis/nwisman/?site_no=03531000,97.10814,0.00000000000,StreamGage,"936010083"
"0",2014-12-04,"06010205000173",,Medium,"0","0","USGS, Water Resources Division",,"03521500",http://waterdata.usgs.gov/nwis/nwisman/?site_no=03521500,81.02716,0.00000000000,StreamGage,"14638023"
"0",2014-12-04,"06010102000259",,Medium,"0","0","USGS, Water Resources Division",,"03478400",http://waterdata.usgs.gov/nwis/nwisman/?site_no=03478400,91.74258,0.00000000000,StreamGage,"19752763"
"0",2014-12-04,"06010102000188",,Medium,"0","0","USGS, Water Resources Division",,"03474000",http://waterdata.usgs.gov/nwis/nwisman/?site_no=03474000,12.84652,0.00000000000,StreamGage,"19751035"
"0",2014-12-04,"06010205000252",,Medium,"0","0","USGS, Water Resources Division",,"03524500",http://waterdata.usgs.gov/nwis/nwisman/?site_no=03524500,51.14066,0.00000000000,StreamGage,"14640257"
"0",2014-12-04,"06010102000211",,Medium,"0","0","USGS, Water Resources Division",,"03473500",http://waterdata.usgs.gov/nwis/nwisman/?site_no=03473500,95.39045,0.00000000000,StreamGage,"19750765"
"0",2014-12-04,"06010205000481",,Medium,"0","0","USGS, Water Resources Division",,"03523500",http://waterdata.usgs.gov/nwis/nwisman/?site_no=03523500,61.92422,0.00000000000,StreamGage,"14638755"
"0",2014-12-04,"06010101000921",,Medium,"0","0","USGS, Water Resources Division",,"03488100",http://waterdata.usgs.gov/nwis/nwisman/?site_no=03488100,4.47513,0.00000000000,StreamGage,"19761560"
"0",2014-12-04,"06010205000197",,Medium,"0","0","USGS, Water Resources Division",,"03520967",http://waterdata.usgs.gov/nwis/nwisman/?site_no=03520967,38.44123,0.00000000000,StreamGage,"14637575"
